name,prob
MARY,1.3144999999999998
PATRICIA,0.5365
LINDA,0.5175
BARBARA,0.49
ELIZABETH,0.4685
JENNIFER,0.466
MARIA,0.414
SUSAN,0.397
MARGARET,0.384
DOROTHY,0.3635
LISA,0.35200000000000004
NANCY,0.3345
KAREN,0.3335
BETTY,0.33299999999999996
HELEN,0.33149999999999996
SANDRA,0.3145
DONNA,0.2915
CAROL,0.2825
RUTH,0.281
SHARON,0.261
MICHELLE,0.2595
LAURA,0.255
SARAH,0.254
KIMBERLY,0.252
DEBORAH,0.247
JESSICA,0.245
SHIRLEY,0.24100000000000002
CYNTHIA,0.2345
ANGELA,0.23399999999999999
MELISSA,0.231
BRENDA,0.2275
AMY,0.2255
ANNA,0.22
REBECCA,0.215
VIRGINIA,0.215
KATHLEEN,0.212
PAMELA,0.20800000000000002
MARTHA,0.20600000000000002
DEBRA,0.204
AMANDA,0.20199999999999999
STEPHANIE,0.2
CAROLYN,0.1925
CHRISTINE,0.191
MARIE,0.1895
JANET,0.1895
CATHERINE,0.1865
FRANCES,0.185
ANN,0.182
JOYCE,0.182
DIANE,0.1795
ALICE,0.17850000000000002
JULIE,0.174
HEATHER,0.1685
TERESA,0.168
DORIS,0.1675
GLORIA,0.1675
EVELYN,0.161
JEAN,0.1575
CHERYL,0.1575
MILDRED,0.1565
KATHERINE,0.1565
JOAN,0.153
ASHLEY,0.1515
JUDITH,0.1485
ROSE,0.14800000000000002
JANICE,0.1425
KELLY,0.14150000000000001
NICOLE,0.1405
JUDY,0.138
CHRISTINA,0.1375
KATHY,0.136
THERESA,0.1355
BEVERLY,0.1335
DENISE,0.132
TAMMY,0.1295
IRENE,0.126
JANE,0.125
LORI,0.124
RACHEL,0.121
MARILYN,0.12050000000000001
ANDREA,0.11800000000000001
KATHRYN,0.11699999999999999
LOUISE,0.11449999999999999
SARA,0.11449999999999999
ANNE,0.114
JACQUELINE,0.114
WANDA,0.113
BONNIE,0.1115
JULIA,0.1115
RUBY,0.1105
LOIS,0.11
TINA,0.11
PHYLLIS,0.10949999999999999
NORMA,0.109
PAULA,0.1085
DIANA,0.10800000000000001
ANNIE,0.10800000000000001
LILLIAN,0.10550000000000001
EMILY,0.10400000000000001
ROBIN,0.10400000000000001
PEGGY,0.10400000000000001
CRYSTAL,0.1035
GLADYS,0.1025
RITA,0.102
DAWN,0.10099999999999999
CONNIE,0.1
FLORENCE,0.1
TRACY,0.09849999999999999
EDNA,0.09849999999999999
TIFFANY,0.0975
CARMEN,0.0975
ROSA,0.09699999999999999
CINDY,0.096
GRACE,0.09449999999999999
WENDY,0.0925
VICTORIA,0.09
EDITH,0.0895
KIM,0.08900000000000001
SHERRY,0.08900000000000001
SYLVIA,0.0885
JOSEPHINE,0.0885
THELMA,0.0875
SHANNON,0.0875
SHEILA,0.0875
ETHEL,0.087
ELLEN,0.08650000000000001
ELAINE,0.08650000000000001
MARJORIE,0.08650000000000001
CARRIE,0.0855
CHARLOTTE,0.08449999999999999
MONICA,0.083
ESTHER,0.083
PAULINE,0.0825
EMMA,0.0825
JUANITA,0.08199999999999999
ANITA,0.081
RHONDA,0.081
HAZEL,0.0805
AMBER,0.08
EVA,0.0795
DEBBIE,0.0785
APRIL,0.077
LESLIE,0.077
CLARA,0.0765
LUCILLE,0.0765
JAMIE,0.0765
JOANNE,0.075
ELEANOR,0.075
VALERIE,0.0745
DANIELLE,0.0745
MEGAN,0.0735
ALICIA,0.073
SUZANNE,0.0725
MICHELE,0.0725
GAIL,0.0725
BERTHA,0.07150000000000001
DARLENE,0.071
VERONICA,0.071
JILL,0.071
ERIN,0.0705
GERALDINE,0.0705
LAUREN,0.06849999999999999
CATHY,0.06849999999999999
JOANN,0.068
LORRAINE,0.0675
LYNN,0.0675
SALLY,0.0675
REGINA,0.0665
ERICA,0.065
BEATRICE,0.065
DOLORES,0.0645
BERNICE,0.064
AUDREY,0.0635
YVONNE,0.063
ANNETTE,0.0625
JUNE,0.0625
SAMANTHA,0.062
MARION,0.061
DANA,0.061
STACY,0.0605
ANA,0.06
RENEE,0.06
IDA,0.059000000000000004
VIVIAN,0.059000000000000004
ROBERTA,0.058499999999999996
HOLLY,0.058499999999999996
BRITTANY,0.058499999999999996
MELANIE,0.057999999999999996
LORETTA,0.0575
YOLANDA,0.0575
JEANETTE,0.0575
LAURIE,0.057
KATIE,0.0565
KRISTEN,0.0555
VANESSA,0.0555
ALMA,0.0555
SUE,0.0555
ELSIE,0.055
BETH,0.055
JEANNE,0.0545
VICKI,0.0545
CARLA,0.0535
TARA,0.0535
ROSEMARY,0.0535
EILEEN,0.0525
TERRI,0.0525
GERTRUDE,0.051500000000000004
LUCY,0.051500000000000004
TONYA,0.051
ELLA,0.050499999999999996
STACEY,0.050499999999999996
WILMA,0.0495
GINA,0.0495
KRISTIN,0.0495
JESSIE,0.049
NATALIE,0.049
AGNES,0.049
VERA,0.049
WILLIE,0.048499999999999995
CHARLENE,0.048499999999999995
BESSIE,0.048
DELORES,0.0475
MELINDA,0.047
PEARL,0.047
ARLENE,0.047
MAUREEN,0.046
COLLEEN,0.046
ALLISON,0.046
TAMARA,0.046
JOY,0.0455
GEORGIA,0.0455
CONSTANCE,0.0455
LILLIE,0.045
CLAUDIA,0.045
JACKIE,0.045
MARCIA,0.045
TANYA,0.044500000000000005
NELLIE,0.044500000000000005
MINNIE,0.044500000000000005
MARLENE,0.044000000000000004
HEIDI,0.044000000000000004
GLENDA,0.044000000000000004
LYDIA,0.043
VIOLA,0.043
COURTNEY,0.043
MARIAN,0.043
STELLA,0.0425
CAROLINE,0.0425
DORA,0.042
JO,0.0415
VICKIE,0.040999999999999995
MATTIE,0.0405
TERRY,0.04
MAXINE,0.0395
IRMA,0.0395
MABEL,0.039
MARSHA,0.039
MYRTLE,0.039
LENA,0.0385
CHRISTY,0.0385
DEANNA,0.038
PATSY,0.038
HILDA,0.0375
GWENDOLYN,0.037000000000000005
JENNIE,0.0365
NORA,0.0365
MARGIE,0.036000000000000004
NINA,0.036000000000000004
CASSANDRA,0.036000000000000004
LEAH,0.036000000000000004
PENNY,0.0355
KAY,0.0355
PRISCILLA,0.0355
NAOMI,0.0355
CAROLE,0.0355
BRANDY,0.035
OLGA,0.035
BILLIE,0.0345
DIANNE,0.0345
TRACEY,0.0345
LEONA,0.0345
JENNY,0.034
FELICIA,0.034
SONIA,0.034
MIRIAM,0.033
VELMA,0.033
BECKY,0.033
BOBBIE,0.0325
VIOLET,0.0325
KRISTINA,0.0325
TONI,0.032
MISTY,0.0315
MAE,0.0315
SHELLY,0.031
DAISY,0.031
RAMONA,0.031
SHERRI,0.031
ERIKA,0.0305
KATRINA,0.0305
CLAIRE,0.0305
LINDSEY,0.03
LINDSAY,0.03
GENEVA,0.029500000000000002
GUADALUPE,0.029500000000000002
BELINDA,0.029500000000000002
MARGARITA,0.029500000000000002
SHERYL,0.029500000000000002
CORA,0.028999999999999998
FAYE,0.028999999999999998
ADA,0.0285
NATASHA,0.0285
SABRINA,0.0285
ISABEL,0.0285
MARGUERITE,0.027999999999999997
HATTIE,0.027999999999999997
HARRIET,0.027999999999999997
MOLLY,0.0275
CECILIA,0.0275
KRISTI,0.0275
BRANDI,0.0275
BLANCHE,0.0275
SANDY,0.0275
ROSIE,0.0275
JOANNA,0.0275
IRIS,0.0275
EUNICE,0.027000000000000003
ANGIE,0.027000000000000003
INEZ,0.0265
LYNDA,0.0265
MADELINE,0.026000000000000002
AMELIA,0.026000000000000002
ALBERTA,0.026000000000000002
GENEVIEVE,0.0255
MONIQUE,0.0255
JODI,0.0255
JANIE,0.0255
MAGGIE,0.0255
KAYLA,0.0255
SONYA,0.0255
JAN,0.0255
LEE,0.0255
KRISTINE,0.0255
CANDACE,0.0255
FANNIE,0.025
MARYANN,0.025
OPAL,0.025
ALISON,0.025
YVETTE,0.025
MELODY,0.025
LUZ,0.0245
SUSIE,0.0245
OLIVIA,0.0245
FLORA,0.0245
SHELLEY,0.0245
KRISTY,0.024
MAMIE,0.024
LULA,0.024
LOLA,0.024
VERNA,0.024
BEULAH,0.024
ANTOINETTE,0.024
CANDICE,0.023
JUANA,0.023
JEANNETTE,0.023
PAM,0.023
KELLI,0.023
HANNAH,0.0225
WHITNEY,0.0225
BRIDGET,0.0225
KARLA,0.022000000000000002
CELIA,0.022000000000000002
LATOYA,0.0215
PATTY,0.0215
SHELIA,0.0215
GAYLE,0.0215
DELLA,0.0215
VICKY,0.0215
LYNNE,0.0215
SHERI,0.021
MARIANNE,0.021
KARA,0.020499999999999997
JACQUELYN,0.020499999999999997
ERMA,0.020499999999999997
BLANCA,0.020499999999999997
MYRA,0.02
LETICIA,0.02
PAT,0.02
KRISTA,0.02
ROXANNE,0.02
ANGELICA,0.0195
JOHNNIE,0.0195
ROBYN,0.0195
FRANCIS,0.0195
ADRIENNE,0.0195
ROSALIE,0.0195
ALEXANDRA,0.0195
BROOKE,0.0195
BETHANY,0.0195
SADIE,0.0195
BERNADETTE,0.0195
TRACI,0.019
JODY,0.019
KENDRA,0.019
JASMINE,0.019
NICHOLE,0.019
RACHAEL,0.019
CHELSEA,0.019
MABLE,0.019
ERNESTINE,0.019
MURIEL,0.019
MARCELLA,0.018500000000000003
ELENA,0.018500000000000003
KRYSTAL,0.018500000000000003
ANGELINA,0.018500000000000003
NADINE,0.018000000000000002
KARI,0.018000000000000002
ESTELLE,0.018000000000000002
DIANNA,0.018000000000000002
PAULETTE,0.018000000000000002
LORA,0.018000000000000002
MONA,0.0175
DOREEN,0.0175
ROSEMARIE,0.0175
ANGEL,0.0175
DESIREE,0.0175
ANTONIA,0.0175
HOPE,0.017
GINGER,0.017
JANIS,0.017
BETSY,0.017
CHRISTIE,0.017
FREDA,0.017
MERCEDES,0.0165
MEREDITH,0.0165
LYNETTE,0.0165
TERI,0.0165
CRISTINA,0.0165
EULA,0.0165
LEIGH,0.016
MEGHAN,0.016
SOPHIA,0.016
ELOISE,0.016
ROCHELLE,0.016
GRETCHEN,0.016
CECELIA,0.016
RAQUEL,0.0155
HENRIETTA,0.0155
ALYSSA,0.0155
JANA,0.0155
KELLEY,0.0155
GWEN,0.0155
KERRY,0.0155
JENNA,0.015
TRICIA,0.015
LAVERNE,0.015
OLIVE,0.015
ALEXIS,0.015
TASHA,0.015
SILVIA,0.014499999999999999
ELVIRA,0.014499999999999999
CASEY,0.014499999999999999
DELIA,0.014499999999999999
SOPHIE,0.014499999999999999
KATE,0.014499999999999999
PATTI,0.014499999999999999
LORENA,0.014499999999999999
KELLIE,0.014499999999999999
SONJA,0.014499999999999999
LILA,0.014499999999999999
LANA,0.014499999999999999
DARLA,0.014499999999999999
MAY,0.014499999999999999
MINDY,0.014499999999999999
ESSIE,0.014499999999999999
MANDY,0.014499999999999999
LORENE,0.013999999999999999
ELSA,0.013999999999999999
JOSEFINA,0.013999999999999999
JEANNIE,0.013999999999999999
MIRANDA,0.013999999999999999
DIXIE,0.013999999999999999
LUCIA,0.013999999999999999
MARTA,0.013999999999999999
FAITH,0.013999999999999999
LELA,0.013999999999999999
JOHANNA,0.013999999999999999
SHARI,0.013999999999999999
CAMILLE,0.013999999999999999
TAMI,0.013500000000000002
SHAWNA,0.013500000000000002
ELISA,0.013500000000000002
EBONY,0.013500000000000002
MELBA,0.013500000000000002
ORA,0.013500000000000002
NETTIE,0.013500000000000002
TABITHA,0.013500000000000002
OLLIE,0.013500000000000002
JAIME,0.013500000000000002
WINIFRED,0.013500000000000002
KRISTIE,0.013500000000000002
MARINA,0.013500000000000002
ALISHA,0.013500000000000002
AIMEE,0.013500000000000002
RENA,0.013500000000000002
MYRNA,0.013000000000000001
MARLA,0.013000000000000001
TAMMIE,0.013000000000000001
LATASHA,0.013000000000000001
BONITA,0.013000000000000001
PATRICE,0.013000000000000001
RONDA,0.013000000000000001
SHERRIE,0.013000000000000001
ADDIE,0.013000000000000001
FRANCINE,0.0125
DELORIS,0.0125
STACIE,0.0125
ADRIANA,0.0125
CHERI,0.0125
SHELBY,0.0125
ABIGAIL,0.0125
CELESTE,0.0125
JEWEL,0.0125
CARA,0.0125
ADELE,0.0125
REBEKAH,0.0125
LUCINDA,0.0125
DORTHY,0.0125
CHRIS,0.012
EFFIE,0.012
TRINA,0.012
REBA,0.012
SHAWN,0.012
SALLIE,0.012
AURORA,0.012
LENORA,0.012
ETTA,0.012
LOTTIE,0.012
KERRI,0.012
TRISHA,0.012
NIKKI,0.012
ESTELLA,0.012
FRANCISCA,0.012
JOSIE,0.012
TRACIE,0.012
MARISSA,0.012
KARIN,0.012
BRITTNEY,0.012
JANELLE,0.012
LOURDES,0.012
LAUREL,0.012
HELENE,0.012
FERN,0.012
ELVA,0.012
CORINNE,0.012
KELSEY,0.012
INA,0.0115
BETTIE,0.0115
ELISABETH,0.0115
AIDA,0.0115
CAITLIN,0.0115
INGRID,0.0115
IVA,0.0115
EUGENIA,0.0115
CHRISTA,0.0115
GOLDIE,0.0115
CASSIE,0.0115
MAUDE,0.0115
JENIFER,0.0115
THERESE,0.011000000000000001
FRANKIE,0.011000000000000001
DENA,0.011000000000000001
LORNA,0.011000000000000001
JANETTE,0.011000000000000001
LATONYA,0.011000000000000001
CANDY,0.011000000000000001
MORGAN,0.011000000000000001
CONSUELO,0.011000000000000001
TAMIKA,0.011000000000000001
ROSETTA,0.011000000000000001
DEBORA,0.011000000000000001
CHERIE,0.011000000000000001
POLLY,0.011000000000000001
DINA,0.011000000000000001
JEWELL,0.0105
FAY,0.0105
JILLIAN,0.0105
DOROTHEA,0.0105
NELL,0.0105
TRUDY,0.0105
ESPERANZA,0.0105
PATRICA,0.0105
KIMBERLEY,0.0105
SHANNA,0.0105
HELENA,0.0105
CAROLINA,0.0105
CLEO,0.0105
STEFANIE,0.0105
ROSARIO,0.01
OLA,0.01
JANINE,0.01
MOLLIE,0.01
LUPE,0.01
ALISA,0.01
LOU,0.01
MARIBEL,0.01
SUSANNE,0.01
BETTE,0.0095
SUSANA,0.0095
ELISE,0.0095
CECILE,0.0095
ISABELLE,0.0095
LESLEY,0.0095
JOCELYN,0.0095
PAIGE,0.0095
JONI,0.0095
RACHELLE,0.0095
LEOLA,0.0095
DAPHNE,0.0095
ALTA,0.0095
ESTER,0.0095
PETRA,0.0095
GRACIELA,0.0095
IMOGENE,0.0095
JOLENE,0.0095
KEISHA,0.0095
LACEY,0.009000000000000001
GLENNA,0.009000000000000001
GABRIELA,0.009000000000000001
KERI,0.009000000000000001
URSULA,0.009000000000000001
LIZZIE,0.009000000000000001
KIRSTEN,0.009000000000000001
SHANA,0.009000000000000001
ADELINE,0.009000000000000001
MAYRA,0.009000000000000001
JAYNE,0.009000000000000001
JACLYN,0.009000000000000001
GRACIE,0.009000000000000001
SONDRA,0.009000000000000001
CARMELA,0.009000000000000001
MARISA,0.009000000000000001
ROSALIND,0.009000000000000001
CHARITY,0.009000000000000001
TONIA,0.009000000000000001
BEATRIZ,0.009000000000000001
MARISOL,0.009000000000000001
CLARICE,0.009000000000000001
JEANINE,0.0085
SHEENA,0.0085
ANGELINE,0.0085
FRIEDA,0.0085
LILY,0.0085
ROBBIE,0.0085
SHAUNA,0.0085
MILLIE,0.0085
CLAUDETTE,0.0085
CATHLEEN,0.0085
ANGELIA,0.0085
GABRIELLE,0.0085
AUTUMN,0.0085
KATHARINE,0.0085
SUMMER,0.0085
JODIE,0.0085
STACI,0.0085
LEA,0.0085
CHRISTI,0.0085
JIMMIE,0.0085
JUSTINE,0.0085
ELMA,0.0085
LUELLA,0.0085
MARGRET,0.0085
DOMINIQUE,0.008
SOCORRO,0.008
RENE,0.008
MARTINA,0.008
MARGO,0.008
MAVIS,0.008
CALLIE,0.008
BOBBI,0.008
MARITZA,0.008
LUCILE,0.008
LEANNE,0.008
JEANNINE,0.008
DEANA,0.008
AILEEN,0.008
LORIE,0.008
LADONNA,0.008
WILLA,0.008
MANUELA,0.008
GALE,0.008
SELMA,0.008
DOLLY,0.008
SYBIL,0.008
ABBY,0.008
LARA,0.008
DALE,0.008
IVY,0.008
DEE,0.008
WINNIE,0.008
MARCY,0.008
LUISA,0.008
JERI,0.0075
MAGDALENA,0.0075
OFELIA,0.0075
MEAGAN,0.0075
AUDRA,0.0075
MATILDA,0.0075
LEILA,0.0075
CORNELIA,0.0075
BIANCA,0.0075
SIMONE,0.0075
BETTYE,0.0075
RANDI,0.0075
VIRGIE,0.0075
LATISHA,0.0075
BARBRA,0.0075
GEORGINA,0.0075
ELIZA,0.0075
LEANN,0.0075
BRIDGETTE,0.0075
RHODA,0.006999999999999999
HALEY,0.006999999999999999
ADELA,0.006999999999999999
NOLA,0.006999999999999999
BERNADINE,0.006999999999999999
FLOSSIE,0.006999999999999999
ILA,0.006999999999999999
GRETA,0.006999999999999999
RUTHIE,0.006999999999999999
NELDA,0.006999999999999999
MINERVA,0.006999999999999999
LILLY,0.006999999999999999
TERRIE,0.006999999999999999
LETHA,0.006999999999999999
HILARY,0.006999999999999999
ESTELA,0.006999999999999999
VALARIE,0.006999999999999999
BRIANNA,0.006999999999999999
ROSALYN,0.006999999999999999
EARLINE,0.006999999999999999
CATALINA,0.006999999999999999
AVA,0.006999999999999999
MIA,0.006999999999999999
CLARISSA,0.006999999999999999
LIDIA,0.006999999999999999
CORRINE,0.006999999999999999
ALEXANDRIA,0.006999999999999999
CONCEPCION,0.006999999999999999
TIA,0.006999999999999999
SHARRON,0.006999999999999999
RAE,0.006999999999999999
DONA,0.006999999999999999
ERICKA,0.006999999999999999
JAMI,0.006999999999999999
ELNORA,0.006999999999999999
CHANDRA,0.006999999999999999
LENORE,0.006999999999999999
NEVA,0.006500000000000001
MARYLOU,0.006500000000000001
MELISA,0.006500000000000001
TABATHA,0.006500000000000001
SERENA,0.006500000000000001
AVIS,0.006500000000000001
ALLIE,0.006500000000000001
SOFIA,0.006500000000000001
JEANIE,0.006500000000000001
ODESSA,0.006500000000000001
NANNIE,0.006500000000000001
HARRIETT,0.006500000000000001
LORAINE,0.006500000000000001
PENELOPE,0.006500000000000001
MILAGROS,0.006500000000000001
EMILIA,0.006500000000000001
BENITA,0.006500000000000001
ALLYSON,0.006500000000000001
ASHLEE,0.006500000000000001
TANIA,0.006500000000000001
TOMMIE,0.006500000000000001
ESMERALDA,0.006500000000000001
KARINA,0.006500000000000001
EVE,0.006500000000000001
PEARLIE,0.006500000000000001
ZELMA,0.006500000000000001
MALINDA,0.006500000000000001
NOREEN,0.006500000000000001
TAMEKA,0.006500000000000001
SAUNDRA,0.006500000000000001
HILLARY,0.006500000000000001
AMIE,0.006500000000000001
ALTHEA,0.006
ROSALINDA,0.006
JORDAN,0.006
LILIA,0.006
ALANA,0.006
GAY,0.006
CLARE,0.006
ALEJANDRA,0.006
ELINOR,0.006
MICHAEL,0.006
LORRIE,0.006
JERRI,0.006
DARCY,0.006
EARNESTINE,0.006
CARMELLA,0.006
TAYLOR,0.006
NOEMI,0.006
MARCIE,0.006
LIZA,0.006
ANNABELLE,0.006
LOUISA,0.006
EARLENE,0.006
MALLORY,0.006
CARLENE,0.006
NITA,0.006
SELENA,0.006
TANISHA,0.006
KATY,0.006
JULIANNE,0.006
JOHN,0.006
LAKISHA,0.0055000000000000005
EDWINA,0.0055000000000000005
MARICELA,0.0055000000000000005
MARGERY,0.0055000000000000005
KENYA,0.0055000000000000005
DOLLIE,0.0055000000000000005
ROXIE,0.0055000000000000005
ROSLYN,0.0055000000000000005
KATHRINE,0.0055000000000000005
NANETTE,0.0055000000000000005
CHARMAINE,0.0055000000000000005
LAVONNE,0.0055000000000000005
ILENE,0.0055000000000000005
KRIS,0.0055000000000000005
TAMMI,0.0055000000000000005
SUZETTE,0.0055000000000000005
CORINE,0.0055000000000000005
KAYE,0.0055000000000000005
JERRY,0.0055000000000000005
MERLE,0.0055000000000000005
CHRYSTAL,0.0055000000000000005
LINA,0.0055000000000000005
DEANNE,0.0055000000000000005
LILIAN,0.0055000000000000005
JULIANA,0.0055000000000000005
ALINE,0.0055000000000000005
LUANN,0.0055000000000000005
KASEY,0.0055000000000000005
MARYANNE,0.0055000000000000005
EVANGELINE,0.0055000000000000005
COLETTE,0.0055000000000000005
MELVA,0.0055000000000000005
LAWANDA,0.0055000000000000005
YESENIA,0.0055000000000000005
NADIA,0.0055000000000000005
MADGE,0.0055000000000000005
KATHIE,0.0055000000000000005
EDDIE,0.0055000000000000005
OPHELIA,0.0055000000000000005
VALERIA,0.0055000000000000005
NONA,0.0055000000000000005
MITZI,0.0055000000000000005
MARI,0.0055000000000000005
GEORGETTE,0.0055000000000000005
CLAUDINE,0.0055000000000000005
FRAN,0.0055000000000000005
ALISSA,0.0055000000000000005
ROSEANN,0.005
LAKEISHA,0.005
SUSANNA,0.005
REVA,0.005
DEIDRE,0.005
CHASITY,0.005
SHEREE,0.005
CARLY,0.005
JAMES,0.005
ELVIA,0.005
ALYCE,0.005
DEIRDRE,0.005
GENA,0.005
BRIANA,0.005
ARACELI,0.005
KATELYN,0.005
ROSANNE,0.005
WENDI,0.005
TESSA,0.005
BERTA,0.005
MARVA,0.005
IMELDA,0.005
MARIETTA,0.005
MARCI,0.005
LEONOR,0.005
ARLINE,0.005
SASHA,0.005
MADELYN,0.005
JANNA,0.005
JULIETTE,0.005
DEENA,0.005
AURELIA,0.005
JOSEFA,0.005
AUGUSTA,0.005
LILIANA,0.005
YOUNG,0.005
CHRISTIAN,0.005
LESSIE,0.005
AMALIA,0.005
SAVANNAH,0.005
ANASTASIA,0.005
VILMA,0.005
NATALIA,0.005
ROSELLA,0.005
LYNNETTE,0.005
CORINA,0.005
ALFREDA,0.0045000000000000005
LEANNA,0.0045000000000000005
CAREY,0.0045000000000000005
AMPARO,0.0045000000000000005
COLEEN,0.0045000000000000005
TAMRA,0.0045000000000000005
AISHA,0.0045000000000000005
WILDA,0.0045000000000000005
KARYN,0.0045000000000000005
CHERRY,0.0045000000000000005
QUEEN,0.0045000000000000005
MAURA,0.0045000000000000005
MAI,0.0045000000000000005
EVANGELINA,0.0045000000000000005
ROSANNA,0.0045000000000000005
HALLIE,0.0045000000000000005
ERNA,0.0045000000000000005
ENID,0.0045000000000000005
MARIANA,0.0045000000000000005
LACY,0.0045000000000000005
JULIET,0.0045000000000000005
JACKLYN,0.0045000000000000005
FREIDA,0.0045000000000000005
MADELEINE,0.0045000000000000005
MARA,0.0045000000000000005
HESTER,0.0045000000000000005
CATHRYN,0.0045000000000000005
LELIA,0.0045000000000000005
CASANDRA,0.0045000000000000005
BRIDGETT,0.0045000000000000005
ANGELITA,0.0045000000000000005
JANNIE,0.0045000000000000005
DIONNE,0.0045000000000000005
ANNMARIE,0.0045000000000000005
KATINA,0.0045000000000000005
BERYL,0.0045000000000000005
PHOEBE,0.0045000000000000005
MILLICENT,0.0045000000000000005
KATHERYN,0.0045000000000000005
DIANN,0.0045000000000000005
CARISSA,0.0045000000000000005
MARYELLEN,0.0045000000000000005
LIZ,0.0045000000000000005
LAURI,0.0045000000000000005
HELGA,0.0045000000000000005
GILDA,0.0045000000000000005
ADRIAN,0.0045000000000000005
RHEA,0.0045000000000000005
MARQUITA,0.0045000000000000005
HOLLIE,0.0045000000000000005
TISHA,0.0045000000000000005
TAMERA,0.0045000000000000005
ANGELIQUE,0.0045000000000000005
FRANCESCA,0.0045000000000000005
BRITNEY,0.0045000000000000005
KAITLIN,0.0045000000000000005
LOLITA,0.0045000000000000005
FLORINE,0.0045000000000000005
ROWENA,0.0045000000000000005
REYNA,0.0045000000000000005
TWILA,0.0045000000000000005
FANNY,0.0045000000000000005
JANELL,0.0045000000000000005
INES,0.0045000000000000005
CONCETTA,0.0045000000000000005
BERTIE,0.0045000000000000005
ALBA,0.0045000000000000005
BRIGITTE,0.0045000000000000005
ALYSON,0.0045000000000000005
VONDA,0.004
PANSY,0.004
ELBA,0.004
NOELLE,0.004
LETITIA,0.004
KITTY,0.004
DEANN,0.004
BRANDIE,0.004
LOUELLA,0.004
LETA,0.004
FELECIA,0.004
SHARLENE,0.004
LESA,0.004
BEVERLEY,0.004
ROBERT,0.004
ISABELLA,0.004
HERMINIA,0.004
TERRA,0.004
CELINA,0.004
TORI,0.004
OCTAVIA,0.004
JADE,0.004
DENICE,0.004
GERMAINE,0.004
SIERRA,0.004
MICHELL,0.004
CORTNEY,0.004
NELLY,0.004
DORETHA,0.004
SYDNEY,0.004
DEIDRA,0.004
MONIKA,0.004
LASHONDA,0.004
JUDI,0.004
CHELSEY,0.004
ANTIONETTE,0.004
MARGOT,0.004
BOBBY,0.004
ADELAIDE,0.004
NAN,0.004
LEEANN,0.004
ELISHA,0.004
DESSIE,0.004
LIBBY,0.004
KATHI,0.004
GAYLA,0.004
LATANYA,0.004
MINA,0.004
MELLISA,0.004
KIMBERLEE,0.004
JASMIN,0.004
RENAE,0.004
ZELDA,0.004
ELDA,0.004
MA,0.004
JUSTINA,0.004
GUSSIE,0.004
EMILIE,0.004
CAMILLA,0.004
ABBIE,0.004
ROCIO,0.004
KAITLYN,0.004
JESSE,0.004
EDYTHE,0.004
ASHLEIGH,0.004
SELINA,0.004
LAKESHA,0.004
GERI,0.004
ALLENE,0.004
PAMALA,0.004
MICHAELA,0.004
DAYNA,0.004
CARYN,0.004
ROSALIA,0.004
SUN,0.0034999999999999996
JACQULINE,0.0034999999999999996
REBECA,0.0034999999999999996
MARYBETH,0.0034999999999999996
KRYSTLE,0.0034999999999999996
IOLA,0.0034999999999999996
DOTTIE,0.0034999999999999996
BENNIE,0.0034999999999999996
BELLE,0.0034999999999999996
AUBREY,0.0034999999999999996
GRISELDA,0.0034999999999999996
ERNESTINA,0.0034999999999999996
ELIDA,0.0034999999999999996
ADRIANNE,0.0034999999999999996
DEMETRIA,0.0034999999999999996
DELMA,0.0034999999999999996
CHONG,0.0034999999999999996
JAQUELINE,0.0034999999999999996
DESTINY,0.0034999999999999996
ARLEEN,0.0034999999999999996
VIRGINA,0.0034999999999999996
RETHA,0.0034999999999999996
FATIMA,0.0034999999999999996
TILLIE,0.0034999999999999996
ELEANORE,0.0034999999999999996
CARI,0.0034999999999999996
TREVA,0.0034999999999999996
BIRDIE,0.0034999999999999996
WILHELMINA,0.0034999999999999996
ROSALEE,0.0034999999999999996
MAURINE,0.0034999999999999996
LATRICE,0.0034999999999999996
YONG,0.0034999999999999996
JENA,0.0034999999999999996
TARYN,0.0034999999999999996
ELIA,0.0034999999999999996
DEBBY,0.0034999999999999996
MAUDIE,0.0034999999999999996
JEANNA,0.0034999999999999996
DELILAH,0.0034999999999999996
CATRINA,0.0034999999999999996
SHONDA,0.0034999999999999996
HORTENCIA,0.0034999999999999996
THEODORA,0.0034999999999999996
TERESITA,0.0034999999999999996
ROBBIN,0.0034999999999999996
DANETTE,0.0034999999999999996
MARYJANE,0.0034999999999999996
FREDDIE,0.0034999999999999996
DELPHINE,0.0034999999999999996
BRIANNE,0.0034999999999999996
NILDA,0.0034999999999999996
DANNA,0.0034999999999999996
CINDI,0.0034999999999999996
BESS,0.0034999999999999996
IONA,0.0034999999999999996
HANNA,0.0034999999999999996
ARIEL,0.0034999999999999996
WINONA,0.0034999999999999996
VIDA,0.0034999999999999996
ROSITA,0.0034999999999999996
MARIANNA,0.0034999999999999996
WILLIAM,0.0034999999999999996
RACHEAL,0.0034999999999999996
GUILLERMINA,0.0034999999999999996
ELOISA,0.0034999999999999996
CELESTINE,0.0034999999999999996
CAREN,0.0034999999999999996
MALISSA,0.0034999999999999996
LONA,0.0034999999999999996
CHANTEL,0.0034999999999999996
SHELLIE,0.0034999999999999996
MARISELA,0.0034999999999999996
LEORA,0.0034999999999999996
AGATHA,0.0034999999999999996
SOLEDAD,0.0034999999999999996
MIGDALIA,0.0034999999999999996
IVETTE,0.0034999999999999996
CHRISTEN,0.0034999999999999996
ATHENA,0.0034999999999999996
JANEL,0.0034999999999999996
CHLOE,0.0034999999999999996
VEDA,0.0034999999999999996
PATTIE,0.0034999999999999996
TESSIE,0.0034999999999999996
TERA,0.0034999999999999996
MARILYNN,0.0034999999999999996
LUCRETIA,0.0034999999999999996
KARRIE,0.0034999999999999996
DINAH,0.0034999999999999996
DANIELA,0.0034999999999999996
ALECIA,0.0034999999999999996
ADELINA,0.0034999999999999996
VERNICE,0.0034999999999999996
SHIELA,0.0034999999999999996
PORTIA,0.0034999999999999996
MERRY,0.0034999999999999996
LASHAWN,0.0034999999999999996
DEVON,0.0034999999999999996
DARA,0.0034999999999999996
TAWANA,0.0034999999999999996
OMA,0.0034999999999999996
VERDA,0.0034999999999999996
CHRISTIN,0.0034999999999999996
ALENE,0.0034999999999999996
ZELLA,0.003
SANDI,0.003
RAFAELA,0.003
MAYA,0.003
KIRA,0.003
CANDIDA,0.003
ALVINA,0.003
SUZAN,0.003
SHAYLA,0.003
LYN,0.003
LETTIE,0.003
ALVA,0.003
SAMATHA,0.003
ORALIA,0.003
MATILDE,0.003
MADONNA,0.003
LARISSA,0.003
VESTA,0.003
RENITA,0.003
INDIA,0.003
DELOIS,0.003
SHANDA,0.003
PHILLIS,0.003
LORRI,0.003
ERLINDA,0.003
CRUZ,0.003
CATHRINE,0.003
BARB,0.003
ZOE,0.003
ISABELL,0.003
IONE,0.003
GISELA,0.003
CHARLIE,0.003
VALENCIA,0.003
ROXANNA,0.003
MAYME,0.003
KISHA,0.003
ELLIE,0.003
MELLISSA,0.003
DORRIS,0.003
DALIA,0.003
BELLA,0.003
ANNETTA,0.003
ZOILA,0.003
RETA,0.003
REINA,0.003
LAURETTA,0.003
KYLIE,0.003
CHRISTAL,0.003
PILAR,0.003
CHARLA,0.003
ELISSA,0.003
TIFFANI,0.003
TANA,0.003
PAULINA,0.003
LEOTA,0.003
BREANNA,0.003
JAYME,0.003
CARMEL,0.003
VERNELL,0.003
TOMASA,0.003
MANDI,0.003
DOMINGA,0.003
SANTA,0.003
MELODIE,0.003
LURA,0.003
ALEXA,0.003
TAMELA,0.003
RYAN,0.003
MIRNA,0.003
KERRIE,0.003
VENUS,0.003
NOEL,0.003
FELICITA,0.003
CRISTY,0.003
CARMELITA,0.003
BERNIECE,0.003
ANNEMARIE,0.003
TIARA,0.003
ROSEANNE,0.003
MISSY,0.003
CORI,0.003
ROXANA,0.003
PRICILLA,0.003
KRISTAL,0.003
JUNG,0.003
ELYSE,0.003
HAYDEE,0.003
ALETHA,0.003
BETTINA,0.003
MARGE,0.003
GILLIAN,0.003
FILOMENA,0.003
CHARLES,0.003
ZENAIDA,0.003
HARRIETTE,0.003
CARIDAD,0.003
VADA,0.003
UNA,0.003
ARETHA,0.003
PEARLINE,0.003
MARJORY,0.003
MARCELA,0.003
FLOR,0.003
EVETTE,0.003
ELOUISE,0.003
ALINA,0.003
TRINIDAD,0.003
DAVID,0.003
DAMARIS,0.003
CATHARINE,0.003
CARROLL,0.003
BELVA,0.003
NAKIA,0.0025
MARLENA,0.0025
LUANNE,0.0025
LORINE,0.0025
KARON,0.0025
DORENE,0.0025
DANITA,0.0025
BRENNA,0.0025
TATIANA,0.0025
SAMMIE,0.0025
LOUANN,0.0025
LOREN,0.0025
JULIANNA,0.0025
ANDRIA,0.0025
PHILOMENA,0.0025
LUCILA,0.0025
LEONORA,0.0025
DOVIE,0.0025
ROMONA,0.0025
MIMI,0.0025
JACQUELIN,0.0025
GAYE,0.0025
TONJA,0.0025
MISTI,0.0025
JOE,0.0025
GENE,0.0025
CHASTITY,0.0025
STACIA,0.0025
ROXANN,0.0025
MICAELA,0.0025
NIKITA,0.0025
MEI,0.0025
VELDA,0.0025
MARLYS,0.0025
JOHNNA,0.0025
AURA,0.0025
LAVERN,0.0025
IVONNE,0.0025
HAYLEY,0.0025
NICKI,0.0025
MAJORIE,0.0025
HERLINDA,0.0025
GEORGE,0.0025
ALPHA,0.0025
YADIRA,0.0025
PERLA,0.0025
GREGORIA,0.0025
DANIEL,0.0025
ANTONETTE,0.0025
SHELLI,0.0025
MOZELLE,0.0025
MARIAH,0.0025
JOELLE,0.0025
CORDELIA,0.0025
JOSETTE,0.0025
CHIQUITA,0.0025
TRISTA,0.0025
LOUIS,0.0025
LAQUITA,0.0025
GEORGIANA,0.0025
CANDI,0.0025
SHANON,0.0025
LONNIE,0.0025
HILDEGARD,0.0025
CECIL,0.0025
VALENTINA,0.0025
STEPHANY,0.0025
MAGDA,0.0025
KAROL,0.0025
GERRY,0.0025
GABRIELLA,0.0025
TIANA,0.0025
ROMA,0.0025
RICHELLE,0.0025
RAY,0.0025
PRINCESS,0.0025
OLETA,0.0025
JACQUE,0.0025
IDELLA,0.0025
ALAINA,0.0025
SUZANNA,0.0025
JOVITA,0.0025
BLAIR,0.0025
TOSHA,0.0025
RAVEN,0.0025
NEREIDA,0.0025
MARLYN,0.0025
KYLA,0.0025
JOSEPH,0.0025
DELFINA,0.0025
TENA,0.0025
STEPHENIE,0.0025
SABINA,0.0025
NATHALIE,0.0025
MARCELLE,0.0025
GERTIE,0.0025
DARLEEN,0.0025
THEA,0.0025
SHARONDA,0.0025
SHANTEL,0.0025
BELEN,0.0025
VENESSA,0.0025
ROSALINA,0.0025
ONA,0.0025
GENOVEVA,0.0025
COREY,0.0025
CLEMENTINE,0.0025
ROSALBA,0.0025
RENATE,0.0025
RENATA,0.0025
MI,0.0025
IVORY,0.0025
GEORGIANNA,0.0025
FLOY,0.0025
DORCAS,0.0025
ARIANA,0.0025
TYRA,0.0025
THEDA,0.0025
MARIAM,0.0025
JULI,0.0025
JESICA,0.0025
DONNIE,0.0025
VIKKI,0.0025
VERLA,0.0025
ROSELYN,0.0025
MELVINA,0.0025
JANNETTE,0.0025
GINNY,0.0025
DEBRAH,0.0025
CORRIE,0.0025
ASIA,0.0025
VIOLETA,0.0025
MYRTIS,0.0025
LATRICIA,0.0025
COLLETTE,0.0025
CHARLEEN,0.0025
ANISSA,0.0025
VIVIANA,0.0025
TWYLA,0.0025
PRECIOUS,0.0025
NEDRA,0.0025
LATONIA,0.0025
LAN,0.0025
HELLEN,0.0025
FABIOLA,0.0025
ANNAMARIE,0.0025
ADELL,0.0025
SHARYN,0.0025
CHANTAL,0.0025
NIKI,0.0025
MAUD,0.0025
LIZETTE,0.0025
LINDY,0.0025
KIA,0.0025
KESHA,0.0025
JEANA,0.0025
DANELLE,0.0025
CHARLINE,0.0025
CHANEL,0.0025
CARROL,0.0025
VALORIE,0.0025
LIA,0.0025
DORTHA,0.0025
CRISTAL,0.0025
SUNNY,0.0025
LEONE,0.0025
LEILANI,0.0025
GERRI,0.0025
DEBI,0.0025
ANDRA,0.0025
KESHIA,0.0025
IMA,0.0025
EULALIA,0.0025
EASTER,0.0025
DULCE,0.0025
NATIVIDAD,0.002
LINNIE,0.002
KAMI,0.002
GEORGIE,0.002
CATINA,0.002
BROOK,0.002
ALDA,0.002
WINNIFRED,0.002
SHARLA,0.002
RUTHANN,0.002
MEAGHAN,0.002
MAGDALENE,0.002
LISSETTE,0.002
ADELAIDA,0.002
VENITA,0.002
TRENA,0.002
SHIRLENE,0.002
SHAMEKA,0.002
ELIZEBETH,0.002
DIAN,0.002
SHANTA,0.002
MICKEY,0.002
LATOSHA,0.002
CARLOTTA,0.002
WINDY,0.002
SOON,0.002
ROSINA,0.002
MARIANN,0.002
LEISA,0.002
JONNIE,0.002
DAWNA,0.002
CATHIE,0.002
BILLY,0.002
ASTRID,0.002
SIDNEY,0.002
LAUREEN,0.002
JANEEN,0.002
HOLLI,0.002
FAWN,0.002
VICKEY,0.002
TERESSA,0.002
SHANTE,0.002
RUBYE,0.002
MARCELINA,0.002
CHANDA,0.002
CARY,0.002
TERESE,0.002
SCARLETT,0.002
MARTY,0.002
MARNIE,0.002
LULU,0.002
LISETTE,0.002
JENIFFER,0.002
ELENOR,0.002
DORINDA,0.002
DONITA,0.002
CARMAN,0.002
BERNITA,0.002
ALTAGRACIA,0.002
ALETA,0.002
ADRIANNA,0.002
ZORAIDA,0.002
RONNIE,0.002
NICOLA,0.002
LYNDSEY,0.002
KENDALL,0.002
JANINA,0.002
CHRISSY,0.002
AMI,0.002
STARLA,0.002
PHYLIS,0.002
PHUONG,0.002
KYRA,0.002
CHARISSE,0.002
BLANCH,0.002
SANJUANITA,0.002
RONA,0.002
NANCI,0.002
MARILEE,0.002
MARANDA,0.002
CORY,0.002
BRIGETTE,0.002
SANJUANA,0.002
MARITA,0.002
KASSANDRA,0.002
JOYCELYN,0.002
IRA,0.002
FELIPA,0.002
CHELSIE,0.002
BONNY,0.002
MIREYA,0.002
LORENZA,0.002
KYONG,0.002
ILEANA,0.002
CANDELARIA,0.002
TONY,0.002
TOBY,0.002
SHERIE,0.002
OK,0.002
MARK,0.002
LUCIE,0.002
LEATRICE,0.002
LAKESHIA,0.002
GERDA,0.002
EDIE,0.002
BAMBI,0.002
MARYLIN,0.002
LAVON,0.002
HORTENSE,0.002
GARNET,0.002
EVIE,0.002
TRESSA,0.002
SHAYNA,0.002
LAVINA,0.002
KYUNG,0.002
JEANETTA,0.002
SHERRILL,0.002
SHARA,0.002
PHYLISS,0.002
MITTIE,0.002
ANABEL,0.002
ALESIA,0.002
THUY,0.002
TAWANDA,0.002
RICHARD,0.002
JOANIE,0.002
TIFFANIE,0.002
LASHANDA,0.002
KARISSA,0.002
ENRIQUETA,0.002
DARIA,0.002
DANIELLA,0.002
CORINNA,0.002
ALANNA,0.002
ABBEY,0.002
ROXANE,0.002
ROSEANNA,0.002
MAGNOLIA,0.002
LIDA,0.002
KYLE,0.002
JOELLEN,0.002
ERA,0.002
CORAL,0.002
CARLEEN,0.002
TRESA,0.002
PEGGIE,0.002
NOVELLA,0.002
NILA,0.002
MAYBELLE,0.002
JENELLE,0.002
CARINA,0.002
NOVA,0.002
MELINA,0.002
MARQUERITE,0.002
MARGARETTE,0.002
JOSEPHINA,0.002
EVONNE,0.002
DEVIN,0.002
CINTHIA,0.002
ALBINA,0.002
TOYA,0.002
TAWNYA,0.002
SHERITA,0.002
SANTOS,0.002
MYRIAM,0.002
LIZABETH,0.002
LISE,0.002
KEELY,0.002
JENNI,0.002
GISELLE,0.002
CHERYLE,0.002
ARDITH,0.002
ARDIS,0.002
ALESHA,0.002
ADRIANE,0.002
SHAINA,0.002
LINNEA,0.002
KAROLYN,0.002
HONG,0.002
FLORIDA,0.002
FELISHA,0.002
DORI,0.002
DARCI,0.002
ARTIE,0.002
ARMIDA,0.002
ZOLA,0.002
XIOMARA,0.002
VERGIE,0.002
SHAMIKA,0.002
NENA,0.002
NANNETTE,0.002
MAXIE,0.002
LOVIE,0.002
JEANE,0.002
JAIMIE,0.002
INGE,0.002
FARRAH,0.002
ELAINA,0.002
CAITLYN,0.002
STARR,0.002
FELICITAS,0.002
CHERLY,0.002
CARYL,0.002
YOLONDA,0.002
YASMIN,0.002
TEENA,0.002
PRUDENCE,0.002
PENNIE,0.002
NYDIA,0.002
MACKENZIE,0.002
ORPHA,0.002
MARVEL,0.002
LIZBETH,0.002
LAURETTE,0.002
JERRIE,0.002
HERMELINDA,0.002
CAROLEE,0.002
TIERRA,0.002
MIRIAN,0.002
META,0.002
MELONY,0.002
KORI,0.002
JENNETTE,0.002
JAMILA,0.002
ENA,0.002
ANH,0.002
YOSHIKO,0.002
SUSANNAH,0.002
SALINA,0.002
RHIANNON,0.002
JOLEEN,0.002
CRISTINE,0.002
ASHTON,0.002
ARACELY,0.002
TOMEKA,0.002
SHALONDA,0.002
MARTI,0.002
LACIE,0.002
KALA,0.002
JADA,0.002
ILSE,0.002
HAILEY,0.002
BRITTANI,0.002
ZONA,0.0015
SYBLE,0.0015
SHERRYL,0.0015
RANDY,0.0015
NIDIA,0.0015
MARLO,0.0015
KANDICE,0.0015
KANDI,0.0015
DEB,0.0015
DEAN,0.0015
AMERICA,0.0015
ALYCIA,0.0015
TOMMY,0.0015
RONNA,0.0015
NORENE,0.0015
MERCY,0.0015
JOSE,0.0015
INGEBORG,0.0015
GIOVANNA,0.0015
GEMMA,0.0015
CHRISTEL,0.0015
AUDRY,0.0015
ZORA,0.0015
VITA,0.0015
VAN,0.0015
TRISH,0.0015
STEPHAINE,0.0015
SHIRLEE,0.0015
SHANIKA,0.0015
MELONIE,0.0015
MAZIE,0.0015
JAZMIN,0.0015
INGA,0.0015
HOA,0.0015
HETTIE,0.0015
GERALYN,0.0015
FONDA,0.0015
ESTRELLA,0.0015
ADELLA,0.0015
SU,0.0015
SARITA,0.0015
RINA,0.0015
MILISSA,0.0015
MARIBETH,0.0015
GOLDA,0.0015
EVON,0.0015
ETHELYN,0.0015
ENEDINA,0.0015
CHERISE,0.0015
CHANA,0.0015
VELVA,0.0015
TAWANNA,0.0015
SADE,0.0015
MIRTA,0.0015
LI,0.0015
KARIE,0.0015
JACINTA,0.0015
ELNA,0.0015
DAVINA,0.0015
CIERRA,0.0015
ASHLIE,0.0015
ALBERTHA,0.0015
TANESHA,0.0015
STEPHANI,0.0015
NELLE,0.0015
MINDI,0.0015
LU,0.0015
LORINDA,0.0015
LARUE,0.0015
FLORENE,0.0015
DEMETRA,0.0015
DEDRA,0.0015
CIARA,0.0015
CHANTELLE,0.0015
ASHLY,0.0015
SUZY,0.0015
ROSALVA,0.0015
NOELIA,0.0015
LYDA,0.0015
LEATHA,0.0015
KRYSTYNA,0.0015
KRISTAN,0.0015
KARRI,0.0015
DARLINE,0.0015
DARCIE,0.0015
CINDA,0.0015
CHEYENNE,0.0015
CHERRIE,0.0015
AWILDA,0.0015
ALMEDA,0.0015
ROLANDA,0.0015
LANETTE,0.0015
JERILYN,0.0015
GISELE,0.0015
EVALYN,0.0015
CYNDI,0.0015
CLETA,0.0015
CARIN,0.0015
ZINA,0.0015
ZENA,0.0015
VELIA,0.0015
TANIKA,0.0015
PAUL,0.0015
CHARISSA,0.0015
THOMAS,0.0015
TALIA,0.0015
MARGARETE,0.0015
LAVONDA,0.0015
KAYLEE,0.0015
KATHLENE,0.0015
JONNA,0.0015
IRENA,0.0015
ILONA,0.0015
IDALIA,0.0015
CANDIS,0.0015
CANDANCE,0.0015
BRANDEE,0.0015
ANITRA,0.0015
ALIDA,0.0015
SIGRID,0.0015
NICOLETTE,0.0015
MARYJO,0.0015
LINETTE,0.0015
HEDWIG,0.0015
CHRISTIANA,0.0015
CASSIDY,0.0015
ALEXIA,0.0015
TRESSIE,0.0015
MODESTA,0.0015
LUPITA,0.0015
LITA,0.0015
GLADIS,0.0015
EVELIA,0.0015
DAVIDA,0.0015
CHERRI,0.0015
CECILY,0.0015
ASHELY,0.0015
ANNABEL,0.0015
AGUSTINA,0.0015
WANITA,0.0015
SHIRLY,0.0015
ROSAURA,0.0015
HULDA,0.0015
EUN,0.0015
BAILEY,0.0015
YETTA,0.0015
VERONA,0.0015
THOMASINA,0.0015
SIBYL,0.0015
SHANNAN,0.0015
MECHELLE,0.0015
LUE,0.0015
LEANDRA,0.0015
LANI,0.0015
KYLEE,0.0015
KANDY,0.0015
JOLYNN,0.0015
FERNE,0.0015
EBONI,0.0015
CORENE,0.0015
ALYSIA,0.0015
ZULA,0.0015
NADA,0.0015
MOIRA,0.0015
LYNDSAY,0.0015
LORRETTA,0.0015
JUAN,0.0015
JAMMIE,0.0015
HORTENSIA,0.0015
GAYNELL,0.0015
CAMERON,0.0015
ADRIA,0.0015
VINA,0.0015
VICENTA,0.0015
TANGELA,0.0015
STEPHINE,0.0015
NORINE,0.0015
NELLA,0.0015
LIANA,0.0015
LESLEE,0.0015
KIMBERELY,0.0015
ILIANA,0.0015
GLORY,0.0015
FELICA,0.0015
EMOGENE,0.0015
ELFRIEDE,0.0015
EDEN,0.0015
EARTHA,0.0015
CARMA,0.0015
BEA,0.0015
OCIE,0.0015
MARRY,0.0015
LENNIE,0.0015
KIARA,0.0015
JACALYN,0.0015
CARLOTA,0.0015
ARIELLE,0.0015
YU,0.0015
STAR,0.0015
OTILIA,0.0015
KIRSTIN,0.0015
KACEY,0.0015
JOHNETTA,0.0015
JOEY,0.0015
JOETTA,0.0015
JERALDINE,0.0015
JAUNITA,0.0015
ELANA,0.0015
DORTHEA,0.0015
CAMI,0.0015
AMADA,0.0015
ADELIA,0.0015
VERNITA,0.0015
TAMAR,0.0015
SIOBHAN,0.0015
RENEA,0.0015
RASHIDA,0.0015
OUIDA,0.0015
ODELL,0.0015
NILSA,0.0015
MERYL,0.0015
KRISTYN,0.0015
JULIETA,0.0015
DANICA,0.0015
BREANNE,0.0015
AUREA,0.0015
ANGLEA,0.0015
SHERRON,0.0015
ODETTE,0.0015
MALIA,0.0015
LORELEI,0.0015
LIN,0.0015
LEESA,0.0015
KENNA,0.0015
KATHLYN,0.0015
FIONA,0.0015
CHARLETTE,0.0015
SUZIE,0.0015
SHANTELL,0.0015
SABRA,0.0015
RACQUEL,0.0015
MYONG,0.0015
MIRA,0.0015
MARTINE,0.0015
LUCIENNE,0.0015
LAVADA,0.0015
JULIANN,0.0015
JOHNIE,0.0015
ELVERA,0.0015
DELPHIA,0.0015
CLAIR,0.0015
CHRISTIANE,0.0015
CHAROLETTE,0.0015
CARRI,0.0015
AUGUSTINE,0.0015
ASHA,0.0015
ANGELLA,0.0015
PAOLA,0.0015
NINFA,0.0015
LEDA,0.0015
LAI,0.0015
EDA,0.0015
SUNSHINE,0.0015
STEFANI,0.0015
SHANELL,0.0015
PALMA,0.0015
MACHELLE,0.0015
LISSA,0.0015
KECIA,0.0015
KATHRYNE,0.0015
KARLENE,0.0015
JULISSA,0.0015
JETTIE,0.0015
JENNIFFER,0.0015
HUI,0.0015
CORRINA,0.0015
CHRISTOPHER,0.0015
CAROLANN,0.0015
ALENA,0.0015
TESS,0.0015
ROSARIA,0.0015
MYRTICE,0.0015
MARYLEE,0.0015
LIANE,0.0015
KENYATTA,0.0015
JUDIE,0.0015
JANEY,0.0015
IN,0.0015
ELMIRA,0.0015
ELDORA,0.0015
DENNA,0.0015
CRISTI,0.0015
CATHI,0.0015
ZAIDA,0.0015
VONNIE,0.0015
VIVA,0.0015
VERNIE,0.0015
ROSALINE,0.0015
MARIELA,0.0015
LUCIANA,0.0015
LESLI,0.0015
KARAN,0.0015
FELICE,0.0015
DENEEN,0.0015
ADINA,0.0015
WYNONA,0.0015
TARSHA,0.0015
SHERON,0.0015
SHASTA,0.0015
SHANITA,0.0015
SHANI,0.0015
SHANDRA,0.0015
RANDA,0.0015
PINKIE,0.0015
PARIS,0.0015
NELIDA,0.0015
MARILOU,0.0015
LYLA,0.0015
LAURENE,0.0015
LACI,0.0015
JOI,0.0015
JANENE,0.0015
DOROTHA,0.0015
DANIELE,0.0015
DANI,0.0015
CAROLYNN,0.0015
CARLYN,0.0015
BERENICE,0.0015
AYESHA,0.0015
ANNELIESE,0.0015
ALETHEA,0.0015
THERSA,0.0015
TAMIKO,0.0015
RUFINA,0.0015
OLIVA,0.0015
MOZELL,0.0015
MARYLYN,0.0015
MADISON,0.0015
KRISTIAN,0.0015
KATHYRN,0.0015
KASANDRA,0.0015
KANDACE,0.0015
JANAE,0.0015
GABRIEL,0.0015
DOMENICA,0.0015
DEBBRA,0.0015
DANNIELLE,0.0015
CHUN,0.0015
BUFFY,0.0015
BARBIE,0.0015
ARCELIA,0.0015
AJA,0.0015
ZENOBIA,0.0015
SHAREN,0.0015
SHAREE,0.0015
PATRICK,0.0015
PAGE,0.0015
MY,0.0015
LAVINIA,0.0015
KUM,0.0015
KACIE,0.0015
JACKELINE,0.0015
HUONG,0.0015
FELISA,0.0015
EMELIA,0.0015
ELEANORA,0.0015
CYTHIA,0.0015
CRISTIN,0.0015
CLYDE,0.0015
CLARIBEL,0.0015
CARON,0.0015
ANASTACIA,0.0015
ZULMA,0.0015
ZANDRA,0.0015
YOKO,0.0015
TENISHA,0.0015
SUSANN,0.0015
SHERILYN,0.0015
SHAY,0.0015
SHAWANDA,0.0015
SABINE,0.0015
ROMANA,0.0015
MATHILDA,0.0015
LINSEY,0.0015
KEIKO,0.0015
JOANA,0.0015
ISELA,0.0015
GRETTA,0.0015
GEORGETTA,0.0015
EUGENIE,0.0015
DUSTY,0.0015
DESIRAE,0.0015
DELORA,0.0015
CORAZON,0.0015
ANTONINA,0.0015
ANIKA,0.0015
WILLENE,0.0015
TRACEE,0.0015
TAMATHA,0.0015
REGAN,0.0015
NICHELLE,0.0015
MICKIE,0.0015
MAEGAN,0.0015
LUANA,0.0015
LANITA,0.0015
KELSIE,0.0015
EDELMIRA,0.0015
BREE,0.0015
AFTON,0.0015
TEODORA,0.0015
TAMIE,0.0015
SHENA,0.0015
MEG,0.0015
LINH,0.0015
KELI,0.0015
KACI,0.0015
DANYELLE,0.0015
BRITT,0.0015
ARLETTE,0.0015
ALBERTINE,0.0015
ADELLE,0.0015
TIFFINY,0.0015
STORMY,0.0015
SIMONA,0.0015
NUMBERS,0.0015
NICOLASA,0.0015
NICHOL,0.0015
NIA,0.0015
NAKISHA,0.0015
MEE,0.0015
MAIRA,0.0015
LOREEN,0.0015
KIZZY,0.0015
JOHNNY,0.0015
JAY,0.0015
FALLON,0.0015
CHRISTENE,0.0015
BOBBYE,0.0015
ANTHONY,0.0015
YING,0.001
VINCENZA,0.001
TANJA,0.001
RUBIE,0.001
RONI,0.001
QUEENIE,0.001
MARGARETT,0.001
KIMBERLI,0.001
IRMGARD,0.001
IDELL,0.001
HILMA,0.001
EVELINA,0.001
ESTA,0.001
EMILEE,0.001
DENNISE,0.001
DANIA,0.001
CARL,0.001
CARIE,0.001
ANTONIO,0.001
WAI,0.001
SANG,0.001
RISA,0.001
RIKKI,0.001
PARTICIA,0.001
MUI,0.001
MASAKO,0.001
MARIO,0.001
LUVENIA,0.001
LOREE,0.001
LONI,0.001
LIEN,0.001
KEVIN,0.001
GIGI,0.001
FLORENCIA,0.001
DORIAN,0.001
DENITA,0.001
DALLAS,0.001
CHI,0.001
BILLYE,0.001
ALEXANDER,0.001
TOMIKA,0.001
SHARITA,0.001
RANA,0.001
NIKOLE,0.001
NEOMA,0.001
MARGARITE,0.001
MADALYN,0.001
LUCINA,0.001
LAILA,0.001
KALI,0.001
JENETTE,0.001
GABRIELE,0.001
EVELYNE,0.001
ELENORA,0.001
CLEMENTINA,0.001
ALEJANDRINA,0.001
ZULEMA,0.001
VIOLETTE,0.001
VANNESSA,0.001
THRESA,0.001
RETTA,0.001
PIA,0.001
PATIENCE,0.001
NOELLA,0.001
NICKIE,0.001
JONELL,0.001
DELTA,0.001
CHUNG,0.001
CHAYA,0.001
CAMELIA,0.001
BETHEL,0.001
ANYA,0.001
ANDREW,0.001
THANH,0.001
SUZANN,0.001
SPRING,0.001
SHU,0.001
MILA,0.001
LILLA,0.001
LAVERNA,0.001
KEESHA,0.001
KATTIE,0.001
GIA,0.001
GEORGENE,0.001
EVELINE,0.001
ESTELL,0.001
ELIZBETH,0.001
VIVIENNE,0.001
VALLIE,0.001
TRUDIE,0.001
STEPHANE,0.001
MICHEL,0.001
MAGALY,0.001
MADIE,0.001
KENYETTA,0.001
KARREN,0.001
JANETTA,0.001
HERMINE,0.001
HARMONY,0.001
DRUCILLA,0.001
DEBBI,0.001
CELESTINA,0.001
CANDIE,0.001
BRITNI,0.001
BECKIE,0.001
AMINA,0.001
ZITA,0.001
YUN,0.001
YOLANDE,0.001
VIVIEN,0.001
VERNETTA,0.001
TRUDI,0.001
SOMMER,0.001
PEARLE,0.001
PATRINA,0.001
OSSIE,0.001
NICOLLE,0.001
LOYCE,0.001
LETTY,0.001
LARISA,0.001
KATHARINA,0.001
JOSELYN,0.001
JONELLE,0.001
JENELL,0.001
IESHA,0.001
HEIDE,0.001
FLORINDA,0.001
FLORENTINA,0.001
FLO,0.001
ELODIA,0.001
DORINE,0.001
BRUNILDA,0.001
BRIGID,0.001
ASHLI,0.001
ARDELLA,0.001
TWANA,0.001
THU,0.001
TARAH,0.001
SUNG,0.001
SHEA,0.001
SHAVON,0.001
SHANE,0.001
SERINA,0.001
RAYNA,0.001
RAMONITA,0.001
NGA,0.001
MARGURITE,0.001
LUCRECIA,0.001
KOURTNEY,0.001
KATI,0.001
JESUS,0.001
JESENIA,0.001
DIAMOND,0.001
CRISTA,0.001
AYANA,0.001
ALICA,0.001
ALIA,0.001
VINNIE,0.001
SUELLEN,0.001
ROMELIA,0.001
RACHELL,0.001
PIPER,0.001
OLYMPIA,0.001
MICHIKO,0.001
KATHALEEN,0.001
JOLIE,0.001
JESSI,0.001
JANESSA,0.001
HANA,0.001
HA,0.001
ELEASE,0.001
CARLETTA,0.001
BRITANY,0.001
SHONA,0.001
SALOME,0.001
ROSAMOND,0.001
REGENA,0.001
RAINA,0.001
NGOC,0.001
NELIA,0.001
LOUVENIA,0.001
LESIA,0.001
LATRINA,0.001
LATICIA,0.001
LARHONDA,0.001
JINA,0.001
JACKI,0.001
HOLLIS,0.001
HOLLEY,0.001
EMMY,0.001
DEEANN,0.001
CORETTA,0.001
ARNETTA,0.001
VELVET,0.001
THALIA,0.001
SHANICE,0.001
NETA,0.001
MIKKI,0.001
MICKI,0.001
LONNA,0.001
LEANA,0.001
LASHUNDA,0.001
KILEY,0.001
JOYE,0.001
JACQULYN,0.001
IGNACIA,0.001
HYUN,0.001
HIROKO,0.001
HENRY,0.001
HENRIETTE,0.001
ELAYNE,0.001
DELINDA,0.001
DARNELL,0.001
DAHLIA,0.001
COREEN,0.001
CONSUELA,0.001
CONCHITA,0.001
CELINE,0.001
BABETTE,0.001
AYANNA,0.001
ANETTE,0.001
ALBERTINA,0.001
SKYE,0.001
SHAWNEE,0.001
SHANEKA,0.001
QUIANA,0.001
PAMELIA,0.001
MIN,0.001
MERRI,0.001
MERLENE,0.001
MARGIT,0.001
KIESHA,0.001
KIERA,0.001
KAYLENE,0.001
JODEE,0.001
JENISE,0.001
ERLENE,0.001
EMMIE,0.001
ELSE,0.001
DARYL,0.001
DALILA,0.001
DAISEY,0.001
CODY,0.001
CASIE,0.001
BELIA,0.001
BABARA,0.001
VERSIE,0.001
VANESA,0.001
SHELBA,0.001
SHAWNDA,0.001
SAM,0.001
NORMAN,0.001
NIKIA,0.001
NAOMA,0.001
MARNA,0.001
MARGERET,0.001
MADALINE,0.001
LAWANA,0.001
KINDRA,0.001
JUTTA,0.001
JAZMINE,0.001
JANETT,0.001
HANNELORE,0.001
GLENDORA,0.001
GERTRUD,0.001
GARNETT,0.001
FREEDA,0.001
FREDERICA,0.001
FLORANCE,0.001
FLAVIA,0.001
DENNIS,0.001
CARLINE,0.001
BEVERLEE,0.001
ANJANETTE,0.001
VALDA,0.001
TRINITY,0.001
TAMALA,0.001
STEVIE,0.001
SHONNA,0.001
SHA,0.001
SARINA,0.001
ONEIDA,0.001
MICAH,0.001
MERILYN,0.001
MARLEEN,0.001
LURLINE,0.001
LENNA,0.001
KATHERIN,0.001
JIN,0.001
JENI,0.001
HAE,0.001
GRACIA,0.001
GLADY,0.001
FARAH,0.001
ERIC,0.001
ENOLA,0.001
EMA,0.001
DOMINQUE,0.001
DEVONA,0.001
DELANA,0.001
CECILA,0.001
CAPRICE,0.001
ALYSHA,0.001
ALI,0.001
ALETHIA,0.001
VENA,0.001
THERESIA,0.001
TAWNY,0.001
SONG,0.001
SHAKIRA,0.001
SAMARA,0.001
SACHIKO,0.001
RACHELE,0.001
PAMELLA,0.001
NICKY,0.001
MARNI,0.001
MARIEL,0.001
MAREN,0.001
MALISA,0.001
LIGIA,0.001
LERA,0.001
LATORIA,0.001
LARAE,0.001
KIMBER,0.001
KATHERN,0.001
KAREY,0.001
JENNEFER,0.001
JANETH,0.001
HALINA,0.001
FREDIA,0.001
DELISA,0.001
DEBROAH,0.001
CIERA,0.001
CHIN,0.001
ANGELIKA,0.001
ANDREE,0.001
ALTHA,0.001
YEN,0.001
VIVAN,0.001
TERRESA,0.001
TANNA,0.001
SUK,0.001
SUDIE,0.001
SOO,0.001
SIGNE,0.001
SALENA,0.001
RONNI,0.001
REBBECCA,0.001
MYRTIE,0.001
MCKENZIE,0.001
MALIKA,0.001
MAIDA,0.001
LOAN,0.001
LEONARDA,0.001
KAYLEIGH,0.001
FRANCE,0.001
ETHYL,0.001
ELLYN,0.001
DAYLE,0.001
CAMMIE,0.001
BRITTNI,0.001
BIRGIT,0.001
AVELINA,0.001
ASUNCION,0.001
ARIANNA,0.001
AKIKO,0.001
VENICE,0.001
TYESHA,0.001
TONIE,0.001
TIESHA,0.001
TAKISHA,0.001
STEFFANIE,0.001
SINDY,0.001
SANTANA,0.001
MEGHANN,0.001
MANDA,0.001
MACIE,0.001
LADY,0.001
KELLYE,0.001
KELLEE,0.001
JOSLYN,0.001
JASON,0.001
INGER,0.001
INDIRA,0.001
GLINDA,0.001
GLENNIS,0.001
FERNANDA,0.001
FAUSTINA,0.001
ENEIDA,0.001
ELICIA,0.001
DOT,0.001
DIGNA,0.001
DELL,0.001
ARLETTA,0.001
ANDRE,0.001
WILLIA,0.001
TAMMARA,0.001
TABETHA,0.001
SHERRELL,0.001
SARI,0.001
REFUGIO,0.001
REBBECA,0.001
PAULETTA,0.001
NIEVES,0.001
NATOSHA,0.001
NAKITA,0.001
MAMMIE,0.001
KENISHA,0.001
KAZUKO,0.001
KASSIE,0.001
GARY,0.001
EARLEAN,0.001
DAPHINE,0.001
CORLISS,0.001
CLOTILDE,0.001
CAROLYNE,0.001
BERNETTA,0.001
AUGUSTINA,0.001
AUDREA,0.001
ANNIS,0.001
ANNABELL,0.001
YAN,0.001
TENNILLE,0.001
TAMICA,0.001
SELENE,0.001
SEAN,0.001
ROSANA,0.001
REGENIA,0.001
QIANA,0.001
MARKITA,0.001
MACY,0.001
LEEANNE,0.001
LAURINE,0.001
KYM,0.001
JESSENIA,0.001
JANITA,0.001
GEORGINE,0.001
GENIE,0.001
EMIKO,0.001
ELVIE,0.001
DEANDRA,0.001
DAGMAR,0.001
CORIE,0.001
COLLEN,0.001
CHERISH,0.001
ROMAINE,0.001
PORSHA,0.001
PEARLENE,0.001
MICHELINE,0.001
MERNA,0.001
MARGORIE,0.001
MARGARETTA,0.001
LORE,0.001
KENNETH,0.001
JENINE,0.001
HERMINA,0.001
FREDERICKA,0.001
ELKE,0.001
DRUSILLA,0.001
DORATHY,0.001
DIONE,0.001
DESIRE,0.001
CELENA,0.001
BRIGIDA,0.001
ANGELES,0.001
ALLEGRA,0.001
THEO,0.001
TAMEKIA,0.001
SYNTHIA,0.001
STEPHEN,0.001
SOOK,0.001
SLYVIA,0.001
ROSANN,0.001
REATHA,0.001
RAYE,0.001
MARQUETTA,0.001
MARGART,0.001
LING,0.001
LAYLA,0.001
KYMBERLY,0.001
KIANA,0.001
KAYLEEN,0.001
KATLYN,0.001
KARMEN,0.001
JOELLA,0.001
IRINA,0.001
EMELDA,0.001
ELENI,0.001
DETRA,0.001
CLEMMIE,0.001
CHERYLL,0.001
CHANTELL,0.001
CATHEY,0.001
ARNITA,0.001
ARLA,0.001
ANGLE,0.001
ANGELIC,0.001
ALYSE,0.001
ZOFIA,0.001
THOMASINE,0.001
TENNIE,0.001
SON,0.001
SHERLY,0.001
SHERLEY,0.001
SHARYL,0.001
REMEDIOS,0.001
PETRINA,0.001
NICKOLE,0.001
MYUNG,0.001
MYRLE,0.001
MOZELLA,0.001
LOUANNE,0.001
LISHA,0.001
LATIA,0.001
LANE,0.001
KRYSTA,0.001
JULIENNE,0.001
JOEL,0.001
JEANENE,0.001
JACQUALINE,0.001
ISAURA,0.001
GWENDA,0.001
EARLEEN,0.001
DONALD,0.001
CLEOPATRA,0.001
CARLIE,0.001
AUDIE,0.001
ANTONIETTA,0.001
ALISE,0.001
ALEX,0.001
VERDELL,0.001
VAL,0.001
TYLER,0.001
TOMOKO,0.001
THAO,0.001
TALISHA,0.001
STEVEN,0.001
SO,0.001
SHEMIKA,0.001
SHAUN,0.001
SCARLET,0.001
SAVANNA,0.001
SANTINA,0.001
ROSIA,0.001
RAEANN,0.001
ODILIA,0.001
NANA,0.001
MINNA,0.001
MAGAN,0.001
LYNELLE,0.001
LE,0.001
KARMA,0.001
JOEANN,0.001
IVANA,0.001
INELL,0.001
ILANA,0.001
HYE,0.001
HONEY,0.001
HEE,0.001
GUDRUN,0.001
FRANK,0.001
DREAMA,0.001
CRISSY,0.001
CHANTE,0.001
CARMELINA,0.001
ARVILLA,0.001
ARTHUR,0.001
ANNAMAE,0.001
ALVERA,0.001
ALEIDA,0.001
AARON,0.001
YEE,0.001
YANIRA,0.001
VANDA,0.001
TIANNA,0.001
TAM,0.001
STEFANIA,0.001
SHIRA,0.001
PERRY,0.001
NICOL,0.001
NANCIE,0.001
MONSERRATE,0.001
MINH,0.001
MELYNDA,0.001
MELANY,0.001
MATTHEW,0.001
LOVELLA,0.001
LAURE,0.001
KIRBY,0.001
KACY,0.001
JACQUELYNN,0.001
HYON,0.001
GERTHA,0.001
FRANCISCO,0.001
ELIANA,0.001
CHRISTENA,0.001
CHRISTEEN,0.001
CHARISE,0.001
CATERINA,0.001
CARLEY,0.001
CANDYCE,0.001
ARLENA,0.001
AMMIE,0.001
YANG,0.001
WILLETTE,0.001
VANITA,0.001
TUYET,0.001
TINY,0.001
SYREETA,0.001
SILVA,0.001
SCOTT,0.001
RONALD,0.001
PENNEY,0.001
NYLA,0.001
MICHAL,0.001
MAURICE,0.001
MARYAM,0.001
MARYA,0.001
MAGEN,0.001
LUDIE,0.001
LOMA,0.001
LIVIA,0.001
LANELL,0.001
KIMBERLIE,0.001
JULEE,0.001
DONETTA,0.001
DIEDRA,0.001
DENISHA,0.001
DEANE,0.001
DAWNE,0.001
CLARINE,0.001
CHERRYL,0.001
BRONWYN,0.001
BRANDON,0.001
ALLA,0.001
VALERY,0.001
TONDA,0.001
SUEANN,0.001
SORAYA,0.001
SHOSHANA,0.001
SHELA,0.001
SHARLEEN,0.001
SHANELLE,0.001
NERISSA,0.001
MICHEAL,0.001
MERIDITH,0.001
MELLIE,0.001
MAYE,0.001
MAPLE,0.001
MAGARET,0.001
LUIS,0.001
LILI,0.001
LEONILA,0.001
LEONIE,0.001
LEEANNA,0.001
LAVONIA,0.001
LAVERA,0.001
KRISTEL,0.001
KATHEY,0.001
KATHE,0.001
JUSTIN,0.001
JULIAN,0.001
JIMMY,0.001
JANN,0.001
ILDA,0.001
HILDRED,0.001
HILDEGARDE,0.001
GENIA,0.001
FUMIKO,0.001
EVELIN,0.001
ERMELINDA,0.001
ELLY,0.001
DUNG,0.001
DOLORIS,0.001
DIONNA,0.001
DANAE,0.001
BERNEICE,0.001
ANNICE,0.001
ALIX,0.001
VERENA,0.001
VERDIE,0.001
TRISTAN,0.001
SHAWNNA,0.001
SHAWANA,0.001
SHAUNNA,0.001
ROZELLA,0.001
RANDEE,0.001
RANAE,0.001
MILAGRO,0.001
LYNELL,0.001
LUISE,0.001
LOUIE,0.001
LOIDA,0.001
LISBETH,0.001
KARLEEN,0.001
JUNITA,0.001
JONA,0.001
ISIS,0.001
HYACINTH,0.001
HEDY,0.001
GWENN,0.001
ETHELENE,0.001
ERLINE,0.001
EDWARD,0.001
DONYA,0.001
DOMONIQUE,0.001
DELICIA,0.001
DANNETTE,0.001
CICELY,0.001
BRANDA,0.001
BLYTHE,0.001
BETHANN,0.001
ASHLYN,0.001
ANNALEE,0.001
ALLINE,0.001
YUKO,0.001
VELLA,0.001
TRANG,0.001
TOWANDA,0.001
TESHA,0.001
SHERLYN,0.001
NARCISA,0.001
MIGUELINA,0.001
MERI,0.001
MAYBELL,0.001
MARLANA,0.001
MARGUERITA,0.001
MADLYN,0.001
LUNA,0.001
LORY,0.001
LORIANN,0.001
LIBERTY,0.001
LEONORE,0.001
LEIGHANN,0.001
LAURICE,0.001
LATESHA,0.001
LARONDA,0.001
KATRICE,0.001
KASIE,0.001
KARL,0.001
KALEY,0.001
JADWIGA,0.001
GLENNIE,0.001
GEARLDINE,0.001
FRANCINA,0.001
EPIFANIA,0.001
DYAN,0.001
DORIE,0.001
DIEDRE,0.001
DENESE,0.001
DEMETRICE,0.001
DELENA,0.001
DARBY,0.001
CRISTIE,0.001
CLEORA,0.001
CATARINA,0.001
CARISA,0.001
BERNIE,0.001
BARBERA,0.001
ALMETA,0.001
TRULA,0.001
TEREASA,0.001
SOLANGE,0.001
SHEILAH,0.001
SHAVONNE,0.001
SANORA,0.001
ROCHELL,0.001
MATHILDE,0.001
MARGARETA,0.001
MAIA,0.001
LYNSEY,0.001
LAWANNA,0.001
LAUNA,0.001
KENA,0.001
KEENA,0.001
KATIA,0.001
JAMEY,0.001
GLYNDA,0.001
GAYLENE,0.001
ELVINA,0.001
ELANOR,0.001
DANUTA,0.001
DANIKA,0.001
CRISTEN,0.001
CORDIE,0.001
COLETTA,0.001
CLARITA,0.001
CARMON,0.001
BRYNN,0.001
AZUCENA,0.001
AUNDREA,0.001
ANGELE,0.001
YI,0.001
WALTER,0.001
VERLIE,0.001
VERLENE,0.001
TAMESHA,0.001
SILVANA,0.001
SEBRINA,0.001
SAMIRA,0.001
REDA,0.001
RAYLENE,0.001
PENNI,0.001
PANDORA,0.001
NORAH,0.001
NOMA,0.001
MIREILLE,0.001
MELISSIA,0.001
MARYALICE,0.001
LARAINE,0.001
KIMBERY,0.001
KARYL,0.001
KARINE,0.001
KAM,0.001
JOLANDA,0.001
JOHANA,0.001
JESUSA,0.001
JALEESA,0.001
JAE,0.001
JACQUELYNE,0.001
IRISH,0.001
ILUMINADA,0.001
HILARIA,0.001
HANH,0.001
GENNIE,0.001
FRANCIE,0.001
FLORETTA,0.001
EXIE,0.001
EDDA,0.001
DREMA,0.001
DELPHA,0.001
BEV,0.001
BARBAR,0.001
ASSUNTA,0.001
ARDELL,0.001
ANNALISA,0.001
ALISIA,0.001
YUKIKO,0.001
YOLANDO,0.001
WONDA,0.001
WEI,0.001
WALTRAUD,0.001
VETA,0.001
TEQUILA,0.001
TEMEKA,0.001
TAMEIKA,0.001
SHIRLEEN,0.001
SHENITA,0.001
PIEDAD,0.001
OZELLA,0.001
MIRTHA,0.001
MARILU,0.001
KIMIKO,0.001
JULIANE,0.001
JENICE,0.001
JEN,0.001
JANAY,0.001
JACQUILINE,0.001
HILDE,0.001
FE,0.001
FAE,0.001
EVAN,0.001
EUGENE,0.001
ELOIS,0.001
ECHO,0.001
DEVORAH,0.001
CHAU,0.001
BRINDA,0.001
BETSEY,0.001
ARMINDA,0.001
ARACELIS,0.001
APRYL,0.001
ANNETT,0.001
ALISHIA,0.001
VEOLA,0.001
USHA,0.001
TOSHIKO,0.001
THEOLA,0.001
TASHIA,0.001
TALITHA,0.001
SHERY,0.001
RUDY,0.001
RENETTA,0.001
REIKO,0.001
RASHEEDA,0.001
OMEGA,0.001
OBDULIA,0.001
MIKA,0.001
MELAINE,0.001
MEGGAN,0.001
MARTIN,0.001
MARLEN,0.001
MARGET,0.001
MARCELINE,0.001
MANA,0.001
MAGDALEN,0.001
LIBRADA,0.001
LEZLIE,0.001
LEXIE,0.001
LATASHIA,0.001
LASANDRA,0.001
KELLE,0.001
ISIDRA,0.001
ISA,0.001
INOCENCIA,0.001
GWYN,0.001
FRANCOISE,0.001
ERMINIA,0.001
ERINN,0.001
DIMPLE,0.001
DEVORA,0.001
CRISELDA,0.001
ARMANDA,0.001
ARIE,0.001
ARIANE,0.001
ANGELO,0.001
ANGELENA,0.001
ALLEN,0.001
ALIZA,0.001
ADRIENE,0.001
ADALINE,0.001
XOCHITL,0.0005
TWANNA,0.0005
TRAN,0.0005
TOMIKO,0.0005
TAMISHA,0.0005
TAISHA,0.0005
SUSY,0.0005
SIU,0.0005
RUTHA,0.0005
ROXY,0.0005
RHONA,0.0005
RAYMOND,0.0005
OTHA,0.0005
NORIKO,0.0005
NATASHIA,0.0005
MERRIE,0.0005
MELVIN,0.0005
MARINDA,0.0005
MARIKO,0.0005
MARGERT,0.0005
LORIS,0.0005
LIZZETTE,0.0005
LEISHA,0.0005
KAILA,0.0005
KA,0.0005
JOANNIE,0.0005
JERRICA,0.0005
JENE,0.0005
JANNET,0.0005
JANEE,0.0005
JACINDA,0.0005
HERTA,0.0005
ELENORE,0.0005
DORETTA,0.0005
DELAINE,0.0005
DANIELL,0.0005
CLAUDIE,0.0005
CHINA,0.0005
BRITTA,0.0005
APOLONIA,0.0005
AMBERLY,0.0005
ALEASE,0.0005
YURI,0.0005
YUK,0.0005
WEN,0.0005
WANETA,0.0005
UTE,0.0005
TOMI,0.0005
SHARRI,0.0005
SANDIE,0.0005
ROSELLE,0.0005
REYNALDA,0.0005
RAGUEL,0.0005
PHYLICIA,0.0005
PATRIA,0.0005
OLIMPIA,0.0005
ODELIA,0.0005
MITZIE,0.0005
MITCHELL,0.0005
MISS,0.0005
MINDA,0.0005
MIGNON,0.0005
MICA,0.0005
MENDY,0.0005
MARIVEL,0.0005
MAILE,0.0005
LYNETTA,0.0005
LAVETTE,0.0005
LAURYN,0.0005
LATRISHA,0.0005
LAKIESHA,0.0005
KIERSTEN,0.0005
KARY,0.0005
JOSPHINE,0.0005
JOLYN,0.0005
JETTA,0.0005
JANISE,0.0005
JACQUIE,0.0005
IVELISSE,0.0005
GLYNIS,0.0005
GIANNA,0.0005
GAYNELLE,0.0005
EMERALD,0.0005
DEMETRIUS,0.0005
DANYELL,0.0005
DANILLE,0.0005
DACIA,0.0005
CORALEE,0.0005
CHER,0.0005
CEOLA,0.0005
BRETT,0.0005
BELL,0.0005
ARIANNE,0.0005
ALESHIA,0.0005
YUNG,0.0005
WILLIEMAE,0.0005
TROY,0.0005
TRINH,0.0005
THORA,0.0005
TAI,0.0005
SVETLANA,0.0005
SHERIKA,0.0005
SHEMEKA,0.0005
SHAUNDA,0.0005
ROSELINE,0.0005
RICKI,0.0005
MELDA,0.0005
MALLIE,0.0005
LAVONNA,0.0005
LATINA,0.0005
LARRY,0.0005
LAQUANDA,0.0005
LALA,0.0005
LACHELLE,0.0005
KLARA,0.0005
KANDIS,0.0005
JOHNA,0.0005
JEANMARIE,0.0005
JAYE,0.0005
HANG,0.0005
GRAYCE,0.0005
GERTUDE,0.0005
EMERITA,0.0005
EBONIE,0.0005
CLORINDA,0.0005
CHING,0.0005
CHERY,0.0005
CAROLA,0.0005
BREANN,0.0005
BLOSSOM,0.0005
BERNARDINE,0.0005
BECKI,0.0005
ARLETHA,0.0005
ARGELIA,0.0005
ARA,0.0005
ALITA,0.0005
YULANDA,0.0005
YON,0.0005
YESSENIA,0.0005
TOBI,0.0005
TASIA,0.0005
SYLVIE,0.0005
SHIRL,0.0005
SHIRELY,0.0005
SHERIDAN,0.0005
SHELLA,0.0005
SHANTELLE,0.0005
SACHA,0.0005
ROYCE,0.0005
REBECKA,0.0005
REAGAN,0.0005
PROVIDENCIA,0.0005
PAULENE,0.0005
MISHA,0.0005
MIKI,0.0005
MARLINE,0.0005
MARICA,0.0005
LORITA,0.0005
LATOYIA,0.0005
LASONYA,0.0005
KERSTIN,0.0005
KENDA,0.0005
KEITHA,0.0005
KATHRIN,0.0005
JAYMIE,0.0005
JACK,0.0005
GRICELDA,0.0005
GINETTE,0.0005
ERYN,0.0005
ELINA,0.0005
ELFRIEDA,0.0005
DANYEL,0.0005
CHEREE,0.0005
CHANELLE,0.0005
BARRIE,0.0005
AVERY,0.0005
AURORE,0.0005
ANNAMARIA,0.0005
ALLEEN,0.0005
AILENE,0.0005
AIDE,0.0005
YASMINE,0.0005
VASHTI,0.0005
VALENTINE,0.0005
TREASA,0.0005
TORY,0.0005
TIFFANEY,0.0005
SHERYLL,0.0005
SHARIE,0.0005
SHANAE,0.0005
SAU,0.0005
RAISA,0.0005
PA,0.0005
NEDA,0.0005
MITSUKO,0.0005
MIRELLA,0.0005
MILDA,0.0005
MARYANNA,0.0005
MARAGRET,0.0005
MABELLE,0.0005
LUETTA,0.0005
LORINA,0.0005
LETISHA,0.0005
LATARSHA,0.0005
LANELLE,0.0005
LAJUANA,0.0005
KRISSY,0.0005
KARLY,0.0005
KARENA,0.0005
JON,0.0005
JESSIKA,0.0005
JERICA,0.0005
JEANELLE,0.0005
JANUARY,0.0005
JALISA,0.0005
JACELYN,0.0005
IZOLA,0.0005
IVEY,0.0005
GREGORY,0.0005
EUNA,0.0005
ETHA,0.0005
DREW,0.0005
DOMITILA,0.0005
DOMINICA,0.0005
DAINA,0.0005
CREOLA,0.0005
CARLI,0.0005
CAMIE,0.0005
BUNNY,0.0005
BRITTNY,0.0005
ASHANTI,0.0005
ANISHA,0.0005
ALEEN,0.0005
ADAH,0.0005
YASUKO,0.0005
WINTER,0.0005
VIKI,0.0005
VALRIE,0.0005
TONA,0.0005
TINISHA,0.0005
THI,0.0005
TERISA,0.0005
TATUM,0.0005
TANEKA,0.0005
SIMONNE,0.0005
SHALANDA,0.0005
SERITA,0.0005
RESSIE,0.0005
REFUGIA,0.0005
PAZ,0.0005
OLENE,0.0005
,0.0005
MERRILL,0.0005
MARGHERITA,0.0005
MANDIE,0.0005
MAN,0.0005
MAIRE,0.0005
LYNDIA,0.0005
LUCI,0.0005
LORRIANE,0.0005
LORETA,0.0005
LEONIA,0.0005
LAVONA,0.0005
LASHAWNDA,0.0005
LAKIA,0.0005
KYOKO,0.0005
KRYSTINA,0.0005
KRYSTEN,0.0005
KENIA,0.0005
KELSI,0.0005
JUDE,0.0005
JEANICE,0.0005
ISOBEL,0.0005
GEORGIANN,0.0005
GENNY,0.0005
FELICIDAD,0.0005
EILENE,0.0005
DEON,0.0005
DELOISE,0.0005
DEEDEE,0.0005
DANNIE,0.0005
CONCEPTION,0.0005
CLORA,0.0005
CHERILYN,0.0005
CHANG,0.0005
CALANDRA,0.0005
BERRY,0.0005
ARMANDINA,0.0005
ANISA,0.0005
ULA,0.0005
TIMOTHY,0.0005
TIERA,0.0005
THERESSA,0.0005
STEPHANIA,0.0005
SIMA,0.0005
SHYLA,0.0005
SHONTA,0.0005
SHERA,0.0005
SHAQUITA,0.0005
SHALA,0.0005
SAMMY,0.0005
ROSSANA,0.0005
NOHEMI,0.0005
NERY,0.0005
MORIAH,0.0005
MELITA,0.0005
MELIDA,0.0005
MELANI,0.0005
MARYLYNN,0.0005
MARISHA,0.0005
MARIETTE,0.0005
MALORIE,0.0005
MADELENE,0.0005
LUDIVINA,0.0005
LORIA,0.0005
LORETTE,0.0005
LORALEE,0.0005
LIANNE,0.0005
LEON,0.0005
LAVENIA,0.0005
LAURINDA,0.0005
LASHON,0.0005
KIT,0.0005
KIMI,0.0005
KEILA,0.0005
KATELYNN,0.0005
KAI,0.0005
JONE,0.0005
JOANE,0.0005
JI,0.0005
JAYNA,0.0005
JANELLA,0.0005
JA,0.0005
HUE,0.0005
HERTHA,0.0005
FRANCENE,0.0005
ELINORE,0.0005
DESPINA,0.0005
DELSIE,0.0005
DEEDRA,0.0005
CLEMENCIA,0.0005
CARRY,0.0005
CAROLIN,0.0005
CARLOS,0.0005
BULAH,0.0005
BRITTANIE,0.0005
BOK,0.0005
BLONDELL,0.0005
BIBI,0.0005
BEAULAH,0.0005
BEATA,0.0005
ANNITA,0.0005
AGRIPINA,0.0005
VIRGEN,0.0005
VALENE,0.0005
UN,0.0005
TWANDA,0.0005
TOMMYE,0.0005
TOI,0.0005
TARRA,0.0005
TARI,0.0005
TAMMERA,0.0005
SHAKIA,0.0005
SADYE,0.0005
RUTHANNE,0.0005
ROCHEL,0.0005
RIVKA,0.0005
PURA,0.0005
NENITA,0.0005
NATISHA,0.0005
MING,0.0005
MERRILEE,0.0005
MELODEE,0.0005
MARVIS,0.0005
LUCILLA,0.0005
LEENA,0.0005
LAVETA,0.0005
LARITA,0.0005
LANIE,0.0005
KEREN,0.0005
ILEEN,0.0005
GEORGEANN,0.0005
GENNA,0.0005
GENESIS,0.0005
FRIDA,0.0005
EWA,0.0005
EUFEMIA,0.0005
EMELY,0.0005
ELA,0.0005
EDYTH,0.0005
DEONNA,0.0005
DEADRA,0.0005
DARLENA,0.0005
CHANELL,0.0005
CHAN,0.0005
CATHERN,0.0005
CASSONDRA,0.0005
CASSAUNDRA,0.0005
BERNARDA,0.0005
BERNA,0.0005
ARLINDA,0.0005
ANAMARIA,0.0005
ALBERT,0.0005
WESLEY,0.0005
VERTIE,0.0005
VALERI,0.0005
TORRI,0.0005
TATYANA,0.0005
STASIA,0.0005
SHERISE,0.0005
SHERILL,0.0005
SEASON,0.0005
SCOTTIE,0.0005
SANDA,0.0005
RUTHE,0.0005
ROSY,0.0005
ROBERTO,0.0005
ROBBI,0.0005
RANEE,0.0005
QUYEN,0.0005
PEARLY,0.0005
PALMIRA,0.0005
ONITA,0.0005
NISHA,0.0005
NIESHA,0.0005
NIDA,0.0005
NEVADA,0.0005
NAM,0.0005
MERLYN,0.0005
MAYOLA,0.0005
MARYLOUISE,0.0005
MARYLAND,0.0005
MARX,0.0005
MARTH,0.0005
MARGENE,0.0005
MADELAINE,0.0005
LONDA,0.0005
LEONTINE,0.0005
LEOMA,0.0005
LEIA,0.0005
LAWRENCE,0.0005
LAURALEE,0.0005
LANORA,0.0005
LAKITA,0.0005
KIYOKO,0.0005
KETURAH,0.0005
KATELIN,0.0005
KAREEN,0.0005
JONIE,0.0005
JOHNETTE,0.0005
JENEE,0.0005
JEANETT,0.0005
IZETTA,0.0005
HIEDI,0.0005
HEIKE,0.0005
HASSIE,0.0005
HAROLD,0.0005
GIUSEPPINA,0.0005
GEORGANN,0.0005
FIDELA,0.0005
FERNANDE,0.0005
ELWANDA,0.0005
ELLAMAE,0.0005
ELIZ,0.0005
DUSTI,0.0005
DOTTY,0.0005
CYNDY,0.0005
CORALIE,0.0005
CELESTA,0.0005
ARGENTINA,0.0005
ALVERTA,0.0005
XENIA,0.0005
WAVA,0.0005
VANETTA,0.0005
TORRIE,0.0005
TASHINA,0.0005
TANDY,0.0005
TAMBRA,0.0005
TAMA,0.0005
STEPANIE,0.0005
SHILA,0.0005
SHAUNTA,0.0005
SHARAN,0.0005
SHANIQUA,0.0005
SHAE,0.0005
SETSUKO,0.0005
SERAFINA,0.0005
SANDEE,0.0005
ROSAMARIA,0.0005
PRISCILA,0.0005
OLINDA,0.0005
NADENE,0.0005
MUOI,0.0005
MICHELINA,0.0005
MERCEDEZ,0.0005
MARYROSE,0.0005
MARIN,0.0005
MARCENE,0.0005
MAO,0.0005
MAGALI,0.0005
MAFALDA,0.0005
LOGAN,0.0005
LINN,0.0005
LANNIE,0.0005
KAYCE,0.0005
KAROLINE,0.0005
KAMILAH,0.0005
KAMALA,0.0005
JUSTA,0.0005
JOLINE,0.0005
JENNINE,0.0005
JACQUETTA,0.0005
IRAIDA,0.0005
GERALD,0.0005
GEORGEANNA,0.0005
FRANCHESCA,0.0005
FAIRY,0.0005
EMELINE,0.0005
ELANE,0.0005
EHTEL,0.0005
EARLIE,0.0005
DULCIE,0.0005
DALENE,0.0005
CRIS,0.0005
CLASSIE,0.0005
CHERE,0.0005
CHARIS,0.0005
CAROYLN,0.0005
CARMINA,0.0005
CARITA,0.0005
BRIAN,0.0005
BETHANIE,0.0005
AYAKO,0.0005
ARICA,0.0005
AN,0.0005
ALYSA,0.0005
ALESSANDRA,0.0005
AKILAH,0.0005
ADRIEN,0.0005
ZETTA,0.0005
YOULANDA,0.0005
YELENA,0.0005
YAHAIRA,0.0005
XUAN,0.0005
WENDOLYN,0.0005
VICTOR,0.0005
TIJUANA,0.0005
TERRELL,0.0005
TERINA,0.0005
TERESIA,0.0005
SUZI,0.0005
SUNDAY,0.0005
SHERELL,0.0005
SHAVONDA,0.0005
SHAUNTE,0.0005
SHARDA,0.0005
SHAKITA,0.0005
SENA,0.0005
RYANN,0.0005
RUBI,0.0005
RIVA,0.0005
REGINIA,0.0005
REA,0.0005
RACHAL,0.0005
PARTHENIA,0.0005
PAMULA,0.0005
MONNIE,0.0005
MONET,0.0005
MICHAELE,0.0005
MELIA,0.0005
MARINE,0.0005
MALKA,0.0005
MAISHA,0.0005
LISANDRA,0.0005
LEO,0.0005
LEKISHA,0.0005
LEAN,0.0005
LAURENCE,0.0005
LAKENDRA,0.0005
KRYSTIN,0.0005
KORTNEY,0.0005
KIZZIE,0.0005
KITTIE,0.0005
KERA,0.0005
KENDAL,0.0005
KEMBERLY,0.0005
KANISHA,0.0005
JULENE,0.0005
JULE,0.0005
JOSHUA,0.0005
JOHANNE,0.0005
JEFFREY,0.0005
JAMEE,0.0005
HAN,0.0005
HALLEY,0.0005
GIDGET,0.0005
GALINA,0.0005
FREDRICKA,0.0005
FLETA,0.0005
FATIMAH,0.0005
EUSEBIA,0.0005
ELZA,0.0005
ELEONORE,0.0005
DORTHEY,0.0005
DORIA,0.0005
DONELLA,0.0005
DINORAH,0.0005
DELORSE,0.0005
CLARETHA,0.0005
CHRISTINIA,0.0005
CHARLYN,0.0005
BONG,0.0005
BELKIS,0.0005
AZZIE,0.0005
ANDERA,0.0005
AIKO,0.0005
ADENA,0.0005
YER,0.0005
YAJAIRA,0.0005
WAN,0.0005
VANIA,0.0005
ULRIKE,0.0005
TOSHIA,0.0005
TIFANY,0.0005
STEFANY,0.0005
SHIZUE,0.0005
SHENIKA,0.0005
SHAWANNA,0.0005
SHAROLYN,0.0005
SHARILYN,0.0005
SHAQUANA,0.0005
SHANTAY,0.0005
SEE,0.0005
ROZANNE,0.0005
ROSELEE,0.0005
RICKIE,0.0005
REMONA,0.0005
REANNA,0.0005
RAELENE,0.0005
QUINN,0.0005
PHUNG,0.0005
PETRONILA,0.0005
NATACHA,0.0005
NANCEY,0.0005
MYRL,0.0005
MIYOKO,0.0005
MIESHA,0.0005
MERIDETH,0.0005
MARVELLA,0.0005
MARQUITTA,0.0005
MARHTA,0.0005
MARCHELLE,0.0005
LIZETH,0.0005
LIBBIE,0.0005
LAHOMA,0.0005
LADAWN,0.0005
KINA,0.0005
KATHELEEN,0.0005
KATHARYN,0.0005
KARISA,0.0005
KALEIGH,0.0005
JUNIE,0.0005
JULIEANN,0.0005
JOHNSIE,0.0005
JANEAN,0.0005
JAIMEE,0.0005
JACKQUELINE,0.0005
HISAKO,0.0005
HERMA,0.0005
HELAINE,0.0005
GWYNETH,0.0005
GLENN,0.0005
GITA,0.0005
EUSTOLIA,0.0005
EMELINA,0.0005
ELIN,0.0005
EDRIS,0.0005
DONNETTE,0.0005
DONNETTA,0.0005
DIERDRE,0.0005
DENAE,0.0005
DARCEL,0.0005
CLAUDE,0.0005
CLARISA,0.0005
CINDERELLA,0.0005
CHIA,0.0005
CHARLESETTA,0.0005
CHARITA,0.0005
CELSA,0.0005
CASSY,0.0005
CASSI,0.0005
CARLEE,0.0005
BRUNA,0.0005
BRITTANEY,0.0005
BRANDE,0.0005
BILLI,0.0005
BAO,0.0005
ANTONETTA,0.0005
ANGLA,0.0005
ANGELYN,0.0005
ANALISA,0.0005
ALANE,0.0005
WENONA,0.0005
WENDIE,0.0005
VERONIQUE,0.0005
VANNESA,0.0005
TOBIE,0.0005
TEMPIE,0.0005
SUMIKO,0.0005
SULEMA,0.0005
SPARKLE,0.0005
SOMER,0.0005
SHEBA,0.0005
SHAYNE,0.0005
SHARICE,0.0005
SHANEL,0.0005
SHALON,0.0005
SAGE,0.0005
ROY,0.0005
ROSIO,0.0005
ROSELIA,0.0005
RENAY,0.0005
REMA,0.0005
REENA,0.0005
PORSCHE,0.0005
PING,0.0005
PEG,0.0005
OZIE,0.0005
ORETHA,0.0005
ORALEE,0.0005
ODA,0.0005
NU,0.0005
NGAN,0.0005
NAKESHA,0.0005
MILLY,0.0005
MARYBELLE,0.0005
MARLIN,0.0005
MARIS,0.0005
MARGRETT,0.0005
MARAGARET,0.0005
MANIE,0.0005
LURLENE,0.0005
LILLIA,0.0005
LIESELOTTE,0.0005
LAVELLE,0.0005
LASHAUNDA,0.0005
LAKEESHA,0.0005
KEITH,0.0005
KAYCEE,0.0005
KALYN,0.0005
JOYA,0.0005
JOETTE,0.0005
JENAE,0.0005
JANIECE,0.0005
ILLA,0.0005
GRISEL,0.0005
GLAYDS,0.0005
GENEVIE,0.0005
GALA,0.0005
FREDDA,0.0005
FRED,0.0005
ELMER,0.0005
ELEONOR,0.0005
DEBERA,0.0005
DEANDREA,0.0005
DAN,0.0005
CORRINNE,0.0005
CORDIA,0.0005
CONTESSA,0.0005
COLENE,0.0005
CLEOTILDE,0.0005
CHARLOTT,0.0005
CHANTAY,0.0005
CECILLE,0.0005
BEATRIS,0.0005
AZALEE,0.0005
ARLEAN,0.0005
ARDATH,0.0005
ANJELICA,0.0005
ANJA,0.0005
ALFREDIA,0.0005
ALEISHA,0.0005
ADAM,0.0005
ZADA,0.0005
YUONNE,0.0005
XIAO,0.0005
WILLODEAN,0.0005
WHITLEY,0.0005
VENNIE,0.0005
VANNA,0.0005
TYISHA,0.0005
TOVA,0.0005
TORIE,0.0005
TONISHA,0.0005
TILDA,0.0005
TIEN,0.0005
TEMPLE,0.0005
SIRENA,0.0005
SHERRIL,0.0005
SHANTI,0.0005
SHAN,0.0005
SENAIDA,0.0005
SAMELLA,0.0005
ROBBYN,0.0005
RENDA,0.0005
REITA,0.0005
PHEBE,0.0005
PAULITA,0.0005
NOBUKO,0.0005
NGUYET,0.0005
NEOMI,0.0005
MOON,0.0005
MIKAELA,0.0005
MELANIA,0.0005
MAXIMINA,0.0005
MARG,0.0005
MAISIE,0.0005
LYNNA,0.0005
LILLI,0.0005
LAYNE,0.0005
LASHAUN,0.0005
LAKENYA,0.0005
LAEL,0.0005
KIRSTIE,0.0005
KATHLINE,0.0005
KASHA,0.0005
KARLYN,0.0005
KARIMA,0.0005
JOVAN,0.0005
JOSEFINE,0.0005
JENNELL,0.0005
JACQUI,0.0005
JACKELYN,0.0005
HYO,0.0005
HIEN,0.0005
GRAZYNA,0.0005
FLORRIE,0.0005
FLORIA,0.0005
ELEONORA,0.0005
DWANA,0.0005
DORLA,0.0005
DONG,0.0005
DELMY,0.0005
DEJA,0.0005
DEDE,0.0005
DANN,0.0005
CRYSTA,0.0005
CLELIA,0.0005
CLARIS,0.0005
CLARENCE,0.0005
CHIEKO,0.0005
CHERLYN,0.0005
CHERELLE,0.0005
CHARMAIN,0.0005
CHARA,0.0005
CAMMY,0.0005
BEE,0.0005
ARNETTE,0.0005
ARDELLE,0.0005
ANNIKA,0.0005
AMIEE,0.0005
AMEE,0.0005
ALLENA,0.0005
YVONE,0.0005
YUKI,0.0005
YOSHIE,0.0005
YEVETTE,0.0005
YAEL,0.0005
WILLETTA,0.0005
VONCILE,0.0005
VENETTA,0.0005
TULA,0.0005
TONETTE,0.0005
TIMIKA,0.0005
TEMIKA,0.0005
TELMA,0.0005
TEISHA,0.0005
TAREN,0.0005
TA,0.0005
STACEE,0.0005
SHIN,0.0005
SHAWNTA,0.0005
SATURNINA,0.0005
RICARDA,0.0005
POK,0.0005
PASTY,0.0005
ONIE,0.0005
NUBIA,0.0005
MORA,0.0005
MIKE,0.0005
MARIELLE,0.0005
MARIELLA,0.0005
MARIANELA,0.0005
MARDELL,0.0005
MANY,0.0005
LUANNA,0.0005
LOISE,0.0005
LISABETH,0.0005
LINDSY,0.0005
LILLIANA,0.0005
LILLIAM,0.0005
LELAH,0.0005
LEIGHA,0.0005
LEANORA,0.0005
LANG,0.0005
KRISTEEN,0.0005
KHALILAH,0.0005
KEELEY,0.0005
KANDRA,0.0005
JUNKO,0.0005
JOAQUINA,0.0005
JERLENE,0.0005
JANI,0.0005
JAMIKA,0.0005
JAME,0.0005
HSIU,0.0005
HERMILA,0.0005
GOLDEN,0.0005
GENEVIVE,0.0005
EVIA,0.0005
EUGENA,0.0005
EMMALINE,0.0005
ELFREDA,0.0005
ELENE,0.0005
DONETTE,0.0005
DELCIE,0.0005
DEEANNA,0.0005
DARCEY,0.0005
CUC,0.0005
CLARINDA,0.0005
CIRA,0.0005
CHAE,0.0005
CELINDA,0.0005
CATHERYN,0.0005
CATHERIN,0.0005
CASIMIRA,0.0005
CARMELIA,0.0005
CAMELLIA,0.0005
BREANA,0.0005
BOBETTE,0.0005
BERNARDINA,0.0005
BEBE,0.0005
BASILIA,0.0005
ARLYNE,0.0005
AMAL,0.0005
ALAYNA,0.0005
ZONIA,0.0005
ZENIA,0.0005
YURIKO,0.0005
YAEKO,0.0005
WYNELL,0.0005
WILLOW,0.0005
WILLENA,0.0005
VERNIA,0.0005
TU,0.0005
TRAVIS,0.0005
TORA,0.0005
TERRILYN,0.0005
TERICA,0.0005
TENESHA,0.0005
TAWNA,0.0005
TAJUANA,0.0005
TAINA,0.0005
STEPHNIE,0.0005
SONA,0.0005
SOL,0.0005
SINA,0.0005
SHONDRA,0.0005
SHIZUKO,0.0005
SHERLENE,0.0005
SHERICE,0.0005
SHARIKA,0.0005
ROSSIE,0.0005
ROSENA,0.0005
RORY,0.0005
RIMA,0.0005
RIA,0.0005
RHEBA,0.0005
RENNA,0.0005
PETER,0.0005
NATALYA,0.0005
NANCEE,0.0005
MELODI,0.0005
MEDA,0.0005
MAXIMA,0.0005
MATHA,0.0005
MARKETTA,0.0005
MARICRUZ,0.0005
MARCELENE,0.0005
MALVINA,0.0005
LUBA,0.0005
LOUETTA,0.0005
LEIDA,0.0005
LECIA,0.0005
LAURAN,0.0005
LASHAWNA,0.0005
LAINE,0.0005
KHADIJAH,0.0005
KATERINE,0.0005
KASI,0.0005
KALLIE,0.0005
JULIETTA,0.0005
JESUSITA,0.0005
JESTINE,0.0005
JESSIA,0.0005
JEREMY,0.0005
JEFFIE,0.0005
JANYCE,0.0005
ISADORA,0.0005
GEORGIANNE,0.0005
FIDELIA,0.0005
EVITA,0.0005
EURA,0.0005
EULAH,0.0005
ESTEFANA,0.0005
ELSY,0.0005
ELIZABET,0.0005
ELADIA,0.0005
DODIE,0.0005
DION,0.0005
DIA,0.0005
DENISSE,0.0005
DELORAS,0.0005
DELILA,0.0005
DAYSI,0.0005
DAKOTA,0.0005
CURTIS,0.0005
CRYSTLE,0.0005
CONCHA,0.0005
COLBY,0.0005
CLARETTA,0.0005
CHU,0.0005
CHRISTIA,0.0005
CHARLSIE,0.0005
CHARLENA,0.0005
CARYLON,0.0005
BETTYANN,0.0005
ASLEY,0.0005
ASHLEA,0.0005
AMIRA,0.0005
AI,0.0005
AGUEDA,0.0005
AGNUS,0.0005
YUETTE,0.0005
VINITA,0.0005
VICTORINA,0.0005
TYNISHA,0.0005
TREENA,0.0005
TOCCARA,0.0005
TISH,0.0005
THOMASENA,0.0005
TEGAN,0.0005
SOILA,0.0005
SHILOH,0.0005
SHENNA,0.0005
SHARMAINE,0.0005
SHANTAE,0.0005
SHANDI,0.0005
SEPTEMBER,0.0005
SARAN,0.0005
SARAI,0.0005
SANA,0.0005
SAMUEL,0.0005
SALLEY,0.0005
ROSETTE,0.0005
ROLANDE,0.0005
REGINE,0.0005
OTELIA,0.0005
OSCAR,0.0005
OLEVIA,0.0005
NICHOLLE,0.0005
NECOLE,0.0005
NAIDA,0.0005
MYRTA,0.0005
MYESHA,0.0005
MITSUE,0.0005
MINTA,0.0005
MERTIE,0.0005
MARGY,0.0005
MAHALIA,0.0005
MADALENE,0.0005
LOVE,0.0005
LOURA,0.0005
LOREAN,0.0005
LEWIS,0.0005
LESHA,0.0005
LEONIDA,0.0005
LENITA,0.0005
LAVONE,0.0005
LASHELL,0.0005
LASHANDRA,0.0005
LAMONICA,0.0005
KIMBRA,0.0005
KATHERINA,0.0005
KARRY,0.0005
KANESHA,0.0005
JULIO,0.0005
JONG,0.0005
JENEVA,0.0005
JAQUELYN,0.0005
HWA,0.0005
GILMA,0.0005
GHISLAINE,0.0005
GERTRUDIS,0.0005
FRANSISCA,0.0005
FERMINA,0.0005
ETTIE,0.0005
ETSUKO,0.0005
ELLIS,0.0005
ELLAN,0.0005
ELIDIA,0.0005
EDRA,0.0005
DORETHEA,0.0005
DOREATHA,0.0005
DENYSE,0.0005
DENNY,0.0005
DEETTA,0.0005
DAINE,0.0005
CYRSTAL,0.0005
CORRIN,0.0005
CAYLA,0.0005
CARLITA,0.0005
CAMILA,0.0005
BURMA,0.0005
BULA,0.0005
BUENA,0.0005
BLAKE,0.0005
BARABARA,0.0005
AVRIL,0.0005
AUSTIN,0.0005
ALAINE,0.0005
ZANA,0.0005
WILHEMINA,0.0005
WANETTA,0.0005
VIRGIL,0.0005
VI,0.0005
VERONIKA,0.0005
VERNON,0.0005
VERLINE,0.0005
VASILIKI,0.0005
TONITA,0.0005
TISA,0.0005
TEOFILA,0.0005
TAYNA,0.0005
TAUNYA,0.0005
TANDRA,0.0005
TAKAKO,0.0005
SUNNI,0.0005
SUANNE,0.0005
SIXTA,0.0005
SHARELL,0.0005
SEEMA,0.0005
RUSSELL,0.0005
ROSENDA,0.0005
ROBENA,0.0005
RAYMONDE,0.0005
PEI,0.0005
PAMILA,0.0005
OZELL,0.0005
NEIDA,0.0005
NEELY,0.0005
MISTIE,0.0005
MICHA,0.0005
MERISSA,0.0005
MAURITA,0.0005
MARYLN,0.0005
MARYETTA,0.0005
MARSHALL,0.0005
MARCELL,0.0005
MALENA,0.0005
MAKEDA,0.0005
MADDIE,0.0005
LOVETTA,0.0005
LOURIE,0.0005
LORRINE,0.0005
LORILEE,0.0005
LESTER,0.0005
LAURENA,0.0005
LASHAY,0.0005
LARRAINE,0.0005
LAREE,0.0005
LACRESHA,0.0005
KRISTLE,0.0005
KRISHNA,0.0005
KEVA,0.0005
KEIRA,0.0005
KAROLE,0.0005
JOIE,0.0005
JINNY,0.0005
JEANNETTA,0.0005
JAMA,0.0005
HEIDY,0.0005
GILBERTE,0.0005
GEMA,0.0005
FAVIOLA,0.0005
EVELYNN,0.0005
ENDA,0.0005
ELLI,0.0005
ELLENA,0.0005
DIVINA,0.0005
DAGNY,0.0005
COLLENE,0.0005
CODI,0.0005
CINDIE,0.0005
CHASSIDY,0.0005
CHASIDY,0.0005
CATRICE,0.0005
CATHERINA,0.0005
CASSEY,0.0005
CAROLL,0.0005
CARLENA,0.0005
CANDRA,0.0005
CALISTA,0.0005
BRYANNA,0.0005
BRITTENY,0.0005
BEULA,0.0005
BARI,0.0005
AUDRIE,0.0005
AUDRIA,0.0005
ARDELIA,0.0005
ANNELLE,0.0005
ANGILA,0.0005
ALONA,0.0005
ALLYN,0.0005
JAMES,1.659
JOHN,1.6355000000000002
ROBERT,1.5715000000000001
MICHAEL,1.3144999999999998
WILLIAM,1.2255
DAVID,1.1815
RICHARD,0.8515
CHARLES,0.7615000000000001
JOSEPH,0.7020000000000001
THOMAS,0.69
CHRISTOPHER,0.5175
DANIEL,0.48700000000000004
PAUL,0.474
MARK,0.469
DONALD,0.46549999999999997
GEORGE,0.4635
KENNETH,0.413
STEVEN,0.39
EDWARD,0.3895
BRIAN,0.368
RONALD,0.3625
ANTHONY,0.3605
KEVIN,0.33549999999999996
JASON,0.33
MATTHEW,0.3285
GARY,0.325
TIMOTHY,0.32
JOSE,0.3065
LARRY,0.299
JEFFREY,0.2955
FRANK,0.2905
SCOTT,0.273
ERIC,0.272
STEPHEN,0.27
ANDREW,0.2685
RAYMOND,0.244
GREGORY,0.2205
JOSHUA,0.2175
JERRY,0.21600000000000003
DENNIS,0.2075
WALTER,0.19949999999999998
PATRICK,0.1945
PETER,0.1905
HAROLD,0.1855
DOUGLAS,0.18350000000000002
HENRY,0.1825
CARL,0.17300000000000001
ARTHUR,0.1675
RYAN,0.16399999999999998
ROGER,0.161
JOE,0.1605
JUAN,0.158
JACK,0.1575
ALBERT,0.157
JONATHAN,0.1565
JUSTIN,0.1555
TERRY,0.1555
GERALD,0.1545
KEITH,0.154
SAMUEL,0.153
WILLIE,0.151
RALPH,0.141
LAWRENCE,0.141
NICHOLAS,0.1375
ROY,0.1365
BENJAMIN,0.135
BRUCE,0.1315
BRANDON,0.13
ADAM,0.1295
HARRY,0.1255
FRED,0.1255
WAYNE,0.1245
BILLY,0.124
STEVE,0.12300000000000001
LOUIS,0.1215
JEREMY,0.121
AARON,0.12
RANDY,0.11599999999999999
HOWARD,0.115
EUGENE,0.115
CARLOS,0.11449999999999999
RUSSELL,0.11199999999999999
BOBBY,0.1115
VICTOR,0.111
MARTIN,0.10800000000000001
ERNEST,0.1075
PHILLIP,0.1065
TODD,0.1065
JESSE,0.1045
CRAIG,0.10300000000000001
ALAN,0.102
SHAWN,0.1
CLARENCE,0.09849999999999999
SEAN,0.09849999999999999
PHILIP,0.09849999999999999
CHRIS,0.09849999999999999
JOHNNY,0.0975
EARL,0.0965
JIMMY,0.0955
ANTONIO,0.095
DANNY,0.095
BRYAN,0.095
TONY,0.095
LUIS,0.09449999999999999
MIKE,0.09449999999999999
STANLEY,0.09300000000000001
LEONARD,0.09300000000000001
NATHAN,0.0925
DALE,0.092
MANUEL,0.09050000000000001
RODNEY,0.09
CURTIS,0.09
NORMAN,0.0885
ALLEN,0.087
MARVIN,0.0855
VINCENT,0.084
GLENN,0.08349999999999999
JEFFERY,0.083
TRAVIS,0.083
JEFF,0.083
CHAD,0.0825
JACOB,0.0825
LEE,0.081
MELVIN,0.081
ALFRED,0.081
KYLE,0.08
FRANCIS,0.08
BRADLEY,0.0795
JESUS,0.0775
HERBERT,0.0775
FREDERICK,0.077
RAY,0.0765
JOEL,0.076
EDWIN,0.07400000000000001
DON,0.0725
EDDIE,0.07200000000000001
RICKY,0.0705
TROY,0.069
RANDALL,0.069
BARRY,0.067
ALEXANDER,0.066
BERNARD,0.0635
MARIO,0.0625
LEROY,0.0625
FRANCISCO,0.062
MARCUS,0.062
MICHEAL,0.061500000000000006
THEODORE,0.061500000000000006
CLIFFORD,0.061500000000000006
MIGUEL,0.061
OSCAR,0.061
JAY,0.059000000000000004
JIM,0.059000000000000004
TOM,0.058499999999999996
CALVIN,0.0575
ALEX,0.0575
JON,0.0575
RONNIE,0.0565
BILL,0.055999999999999994
LLOYD,0.055999999999999994
TOMMY,0.055999999999999994
LEON,0.055999999999999994
DEREK,0.055999999999999994
WARREN,0.055
DARRELL,0.054000000000000006
JEROME,0.054000000000000006
FLOYD,0.0535
LEO,0.053
ALVIN,0.0525
TIM,0.052000000000000005
WESLEY,0.052000000000000005
GORDON,0.052000000000000005
DEAN,0.052000000000000005
GREG,0.052000000000000005
JORGE,0.052000000000000005
DUSTIN,0.051500000000000004
PEDRO,0.051500000000000004
DERRICK,0.051500000000000004
DAN,0.050499999999999996
LEWIS,0.0495
ZACHARY,0.0495
COREY,0.049
HERMAN,0.048499999999999995
MAURICE,0.048499999999999995
VERNON,0.048499999999999995
ROBERTO,0.048499999999999995
CLYDE,0.0475
GLEN,0.047
HECTOR,0.047
SHANE,0.04650000000000001
RICARDO,0.04650000000000001
SAM,0.046
RICK,0.0455
LESTER,0.0455
BRENT,0.045
RAMON,0.045
CHARLIE,0.045
TYLER,0.044500000000000005
GILBERT,0.044500000000000005
GENE,0.0435
MARC,0.0435
REGINALD,0.042
RUBEN,0.040999999999999995
BRETT,0.040999999999999995
ANGEL,0.040999999999999995
NATHANIEL,0.0405
RAFAEL,0.0405
LESLIE,0.0405
EDGAR,0.04
MILTON,0.04
RAUL,0.0395
BEN,0.039
CHESTER,0.039
CECIL,0.039
DUANE,0.0385
FRANKLIN,0.0385
ANDRE,0.038
ELMER,0.037000000000000005
BRAD,0.0365
GABRIEL,0.0365
RON,0.036000000000000004
MITCHELL,0.036000000000000004
ROLAND,0.036000000000000004
ARNOLD,0.036000000000000004
HARVEY,0.036000000000000004
JARED,0.0355
ADRIAN,0.0345
KARL,0.0345
CORY,0.034
CLAUDE,0.034
ERIK,0.034
DARRYL,0.0335
JAMIE,0.033
NEIL,0.033
JESSIE,0.0325
CHRISTIAN,0.0325
JAVIER,0.0325
FERNANDO,0.0325
CLINTON,0.0325
TED,0.032
MATHEW,0.032
TYRONE,0.032
DARREN,0.032
LONNIE,0.032
LANCE,0.0315
CODY,0.0315
JULIO,0.0315
KELLY,0.0315
KURT,0.031
ALLAN,0.0305
NELSON,0.0305
GUY,0.03
CLAYTON,0.03
HUGH,0.03
MAX,0.029500000000000002
DWAYNE,0.029500000000000002
DWIGHT,0.028999999999999998
ARMANDO,0.028999999999999998
FELIX,0.028999999999999998
JIMMIE,0.028999999999999998
EVERETT,0.0285
JORDAN,0.027999999999999997
IAN,0.027999999999999997
WALLACE,0.027999999999999997
KEN,0.0275
BOB,0.0275
JAIME,0.0275
CASEY,0.027000000000000003
ALFREDO,0.027000000000000003
ALBERTO,0.0265
DAVE,0.0265
IVAN,0.0265
JOHNNIE,0.026000000000000002
SIDNEY,0.026000000000000002
BYRON,0.026000000000000002
JULIAN,0.026000000000000002
ISAAC,0.0255
MORRIS,0.0255
CLIFTON,0.025
WILLARD,0.025
DARYL,0.025
ROSS,0.025
VIRGIL,0.0245
ANDY,0.0245
MARSHALL,0.0245
SALVADOR,0.0245
PERRY,0.0245
KIRK,0.0245
SERGIO,0.0245
MARION,0.024
TRACY,0.024
SETH,0.024
KENT,0.024
TERRANCE,0.024
RENE,0.024
EDUARDO,0.0235
TERRENCE,0.0235
ENRIQUE,0.023
FREDDIE,0.023
WADE,0.0225
AUSTIN,0.022000000000000002
STUART,0.022000000000000002
FREDRICK,0.0215
ARTURO,0.0215
ALEJANDRO,0.0215
JACKIE,0.0215
JOEY,0.0215
NICK,0.0215
LUTHER,0.0215
WENDELL,0.021
JEREMIAH,0.021
EVAN,0.021
JULIUS,0.021
DANA,0.021
DONNIE,0.020499999999999997
OTIS,0.020499999999999997
SHANNON,0.02
TREVOR,0.02
OLIVER,0.02
LUKE,0.02
HOMER,0.02
GERARD,0.02
DOUG,0.02
KENNY,0.0195
HUBERT,0.0195
ANGELO,0.0195
SHAUN,0.0195
LYLE,0.019
MATT,0.019
LYNN,0.019
ALFONSO,0.019
ORLANDO,0.018500000000000003
REX,0.018500000000000003
CARLTON,0.018500000000000003
ERNESTO,0.018500000000000003
CAMERON,0.018500000000000003
NEAL,0.018500000000000003
PABLO,0.018000000000000002
LORENZO,0.018000000000000002
OMAR,0.018000000000000002
WILBUR,0.018000000000000002
BLAKE,0.018000000000000002
GRANT,0.018000000000000002
HORACE,0.018000000000000002
RODERICK,0.018000000000000002
KERRY,0.018000000000000002
ABRAHAM,0.0175
WILLIS,0.0175
RICKEY,0.0175
JEAN,0.0175
IRA,0.0175
ANDRES,0.017
CESAR,0.017
JOHNATHAN,0.017
MALCOLM,0.017
RUDOLPH,0.017
DAMON,0.017
KELVIN,0.017
RUDY,0.017
PRESTON,0.017
ALTON,0.0165
ARCHIE,0.0165
MARCO,0.0165
WM,0.0165
PETE,0.016
RANDOLPH,0.016
GARRY,0.016
GEOFFREY,0.016
JONATHON,0.016
FELIPE,0.016
BENNIE,0.016
GERARDO,0.016
ED,0.016
DOMINIC,0.016
ROBIN,0.016
LOREN,0.016
DELBERT,0.0155
COLIN,0.0155
GUILLERMO,0.0155
EARNEST,0.0155
LUCAS,0.0155
BENNY,0.015
NOEL,0.015
SPENCER,0.015
RODOLFO,0.015
MYRON,0.015
EDMUND,0.015
GARRETT,0.014499999999999999
SALVATORE,0.014499999999999999
CEDRIC,0.014499999999999999
LOWELL,0.014499999999999999
GREGG,0.014499999999999999
SHERMAN,0.013999999999999999
WILSON,0.013999999999999999
DEVIN,0.013999999999999999
SYLVESTER,0.013999999999999999
KIM,0.013999999999999999
ROOSEVELT,0.013999999999999999
ISRAEL,0.013999999999999999
JERMAINE,0.013999999999999999
FORREST,0.013500000000000002
WILBERT,0.013500000000000002
LELAND,0.013500000000000002
SIMON,0.013000000000000001
GUADALUPE,0.013000000000000001
CLARK,0.013000000000000001
IRVING,0.013000000000000001
CARROLL,0.013000000000000001
BRYANT,0.013000000000000001
OWEN,0.013000000000000001
RUFUS,0.0125
WOODROW,0.0125
SAMMY,0.0125
KRISTOPHER,0.0125
MACK,0.0125
LEVI,0.0125
MARCOS,0.0125
GUSTAVO,0.0125
JAKE,0.0125
LIONEL,0.012
MARTY,0.012
TAYLOR,0.012
ELLIS,0.012
DALLAS,0.012
GILBERTO,0.012
CLINT,0.012
NICOLAS,0.012
LAURENCE,0.012
ISMAEL,0.012
ORVILLE,0.012
DREW,0.012
JODY,0.012
ERVIN,0.0115
DEWEY,0.0115
AL,0.0115
WILFRED,0.0115
JOSH,0.0115
HUGO,0.0115
IGNACIO,0.0115
CALEB,0.0115
TOMAS,0.0115
SHELDON,0.0115
ERICK,0.0115
FRANKIE,0.0115
STEWART,0.011000000000000001
DOYLE,0.011000000000000001
DARREL,0.011000000000000001
ROGELIO,0.011000000000000001
TERENCE,0.011000000000000001
SANTIAGO,0.011000000000000001
ALONZO,0.011000000000000001
ELIAS,0.011000000000000001
BERT,0.011000000000000001
ELBERT,0.011000000000000001
RAMIRO,0.011000000000000001
CONRAD,0.011000000000000001
PAT,0.011000000000000001
NOAH,0.011000000000000001
GRADY,0.0105
PHIL,0.0105
CORNELIUS,0.0105
LAMAR,0.0105
ROLANDO,0.0105
CLAY,0.0105
PERCY,0.0105
DEXTER,0.0105
BRADFORD,0.0105
MERLE,0.0105
DARIN,0.01
AMOS,0.01
TERRELL,0.01
MOSES,0.01
IRVIN,0.01
SAUL,0.01
ROMAN,0.01
DARNELL,0.01
RANDAL,0.01
TOMMIE,0.01
TIMMY,0.0095
DARRIN,0.0095
WINSTON,0.0095
BRENDAN,0.0095
TOBY,0.0095
VAN,0.0095
ABEL,0.0095
DOMINICK,0.0095
BOYD,0.0095
COURTNEY,0.0095
JAN,0.0095
EMILIO,0.0095
ELIJAH,0.0095
CARY,0.0095
DOMINGO,0.0095
SANTOS,0.0095
AUBREY,0.0095
EMMETT,0.0095
MARLON,0.0095
EMANUEL,0.0095
JERALD,0.0095
EDMOND,0.0095
EMIL,0.0095
DEWAYNE,0.009000000000000001
WILL,0.009000000000000001
OTTO,0.009000000000000001
TEDDY,0.009000000000000001
REYNALDO,0.009000000000000001
BRET,0.009000000000000001
MORGAN,0.009000000000000001
JESS,0.009000000000000001
TRENT,0.009000000000000001
HUMBERTO,0.009000000000000001
EMMANUEL,0.009000000000000001
STEPHAN,0.009000000000000001
LOUIE,0.009000000000000001
VICENTE,0.0085
LAMONT,0.0085
STACY,0.0085
GARLAND,0.0085
MILES,0.0085
MICAH,0.0085
EFRAIN,0.0085
BILLIE,0.0085
LOGAN,0.0085
HEATH,0.0085
RODGER,0.0085
HARLEY,0.0085
DEMETRIUS,0.0085
ETHAN,0.0085
ELDON,0.0085
ROCKY,0.008
PIERRE,0.008
JUNIOR,0.008
FREDDY,0.008
ELI,0.008
BRYCE,0.008
ANTOINE,0.008
ROBBIE,0.008
KENDALL,0.008
ROYCE,0.008
STERLING,0.008
MICKEY,0.008
CHASE,0.008
GROVER,0.008
ELTON,0.008
CLEVELAND,0.008
DYLAN,0.008
CHUCK,0.008
DAMIAN,0.008
REUBEN,0.0075
STAN,0.0075
AUGUST,0.0075
LEONARDO,0.0075
JASPER,0.0075
RUSSEL,0.0075
ERWIN,0.0075
BENITO,0.0075
HANS,0.0075
MONTE,0.0075
BLAINE,0.0075
ERNIE,0.0075
CURT,0.0075
QUENTIN,0.0075
AGUSTIN,0.0075
MURRAY,0.0075
JAMAL,0.006999999999999999
DEVON,0.006999999999999999
ADOLFO,0.006999999999999999
HARRISON,0.006999999999999999
TYSON,0.006999999999999999
BURTON,0.006999999999999999
BRADY,0.006999999999999999
ELLIOTT,0.006999999999999999
WILFREDO,0.006999999999999999
BART,0.006999999999999999
JARROD,0.006999999999999999
VANCE,0.006999999999999999
DENIS,0.006999999999999999
DAMIEN,0.006999999999999999
JOAQUIN,0.006999999999999999
HARLAN,0.006999999999999999
DESMOND,0.006999999999999999
ELLIOT,0.006999999999999999
DARWIN,0.006999999999999999
ASHLEY,0.006999999999999999
GREGORIO,0.006999999999999999
BUDDY,0.006999999999999999
XAVIER,0.006500000000000001
KERMIT,0.006500000000000001
ROSCOE,0.006500000000000001
ESTEBAN,0.006500000000000001
ANTON,0.006500000000000001
SOLOMON,0.006500000000000001
SCOTTY,0.006500000000000001
NORBERT,0.006500000000000001
ELVIN,0.006500000000000001
WILLIAMS,0.006500000000000001
NOLAN,0.006500000000000001
CAREY,0.006500000000000001
ROD,0.006500000000000001
QUINTON,0.006500000000000001
HAL,0.006500000000000001
BRAIN,0.006500000000000001
ROB,0.006500000000000001
ELWOOD,0.006500000000000001
KENDRICK,0.006500000000000001
DARIUS,0.006500000000000001
MOISES,0.006500000000000001
SON,0.006
MARLIN,0.006
FIDEL,0.006
THADDEUS,0.006
CLIFF,0.006
MARCEL,0.006
ALI,0.006
JACKSON,0.006
RAPHAEL,0.006
BRYON,0.006
ARMAND,0.006
ALVARO,0.006
JEFFRY,0.006
DANE,0.006
JOESPH,0.006
THURMAN,0.006
NED,0.006
SAMMIE,0.006
RUSTY,0.006
MICHEL,0.006
MONTY,0.006
RORY,0.006
FABIAN,0.006
REGGIE,0.006
MASON,0.006
GRAHAM,0.006
KRIS,0.0055000000000000005
ISAIAH,0.0055000000000000005
VAUGHN,0.0055000000000000005
GUS,0.0055000000000000005
AVERY,0.0055000000000000005
LOYD,0.0055000000000000005
DIEGO,0.0055000000000000005
ALEXIS,0.0055000000000000005
ADOLPH,0.0055000000000000005
NORRIS,0.0055000000000000005
MILLARD,0.0055000000000000005
ROCCO,0.0055000000000000005
GONZALO,0.0055000000000000005
DERICK,0.0055000000000000005
RODRIGO,0.0055000000000000005
GERRY,0.0055000000000000005
STACEY,0.0055000000000000005
CARMEN,0.0055000000000000005
WILEY,0.0055000000000000005
RIGOBERTO,0.0055000000000000005
ALPHONSO,0.0055000000000000005
TY,0.0055000000000000005
SHELBY,0.0055000000000000005
RICKIE,0.0055000000000000005
NOE,0.0055000000000000005
VERN,0.005
BOBBIE,0.005
REED,0.005
JEFFERSON,0.005
ELVIS,0.005
BERNARDO,0.005
MAURICIO,0.005
HIRAM,0.005
DONOVAN,0.005
BASIL,0.005
RILEY,0.005
OLLIE,0.005
NICKOLAS,0.005
MAYNARD,0.005
SCOT,0.005
VINCE,0.005
QUINCY,0.005
EDDY,0.005
SEBASTIAN,0.005
FEDERICO,0.005
ULYSSES,0.005
HERIBERTO,0.005
DONNELL,0.005
COLE,0.005
DENNY,0.005
DAVIS,0.005
GAVIN,0.005
EMERY,0.005
WARD,0.005
ROMEO,0.005
JAYSON,0.005
DION,0.005
DANTE,0.005
CLEMENT,0.005
COY,0.005
ODELL,0.005
MAXWELL,0.005
JARVIS,0.005
BRUNO,0.005
ISSAC,0.005
MARY,0.0045000000000000005
DUDLEY,0.0045000000000000005
BROCK,0.0045000000000000005
SANFORD,0.0045000000000000005
COLBY,0.0045000000000000005
CARMELO,0.0045000000000000005
BARNEY,0.0045000000000000005
NESTOR,0.0045000000000000005
HOLLIS,0.0045000000000000005
STEFAN,0.0045000000000000005
DONNY,0.0045000000000000005
ART,0.0045000000000000005
LINWOOD,0.0045000000000000005
BEAU,0.0045000000000000005
WELDON,0.0045000000000000005
GALEN,0.0045000000000000005
ISIDRO,0.0045000000000000005
TRUMAN,0.0045000000000000005
DELMAR,0.0045000000000000005
JOHNATHON,0.0045000000000000005
SILAS,0.0045000000000000005
FREDERIC,0.0045000000000000005
DICK,0.0045000000000000005
KIRBY,0.0045000000000000005
IRWIN,0.0045000000000000005
CRUZ,0.0045000000000000005
MERLIN,0.0045000000000000005
MERRILL,0.0045000000000000005
CHARLEY,0.0045000000000000005
MARCELINO,0.0045000000000000005
LANE,0.0045000000000000005
HARRIS,0.0045000000000000005
CLEO,0.0045000000000000005
CARLO,0.0045000000000000005
TRENTON,0.0045000000000000005
KURTIS,0.0045000000000000005
HUNTER,0.0045000000000000005
AURELIO,0.0045000000000000005
WINFRED,0.0045000000000000005
VITO,0.0045000000000000005
COLLIN,0.0045000000000000005
DENVER,0.0045000000000000005
CARTER,0.0045000000000000005
LEONEL,0.004
EMORY,0.004
PASQUALE,0.004
MOHAMMAD,0.004
MARIANO,0.004
DANIAL,0.004
BLAIR,0.004
LANDON,0.004
DIRK,0.004
BRANDEN,0.004
ADAN,0.004
NUMBERS,0.004
CLAIR,0.004
BUFORD,0.004
GERMAN,0.004
BERNIE,0.004
WILMER,0.004
JOAN,0.004
EMERSON,0.004
ZACHERY,0.004
FLETCHER,0.004
JACQUES,0.004
ERROL,0.004
DALTON,0.004
MONROE,0.004
JOSUE,0.004
DOMINIQUE,0.004
EDWARDO,0.004
BOOKER,0.004
WILFORD,0.004
SONNY,0.004
SHELTON,0.004
CARSON,0.004
THERON,0.004
RAYMUNDO,0.004
DAREN,0.004
TRISTAN,0.004
HOUSTON,0.004
ROBBY,0.004
LINCOLN,0.004
JAME,0.004
GENARO,0.004
GALE,0.004
BENNETT,0.004
OCTAVIO,0.004
CORNELL,0.004
LAVERNE,0.004
HUNG,0.004
ARRON,0.004
ANTONY,0.004
HERSCHEL,0.0034999999999999996
ALVA,0.0034999999999999996
GIOVANNI,0.0034999999999999996
GARTH,0.0034999999999999996
CYRUS,0.0034999999999999996
CYRIL,0.0034999999999999996
RONNY,0.0034999999999999996
STEVIE,0.0034999999999999996
LON,0.0034999999999999996
FREEMAN,0.0034999999999999996
ERIN,0.0034999999999999996
DUNCAN,0.0034999999999999996
KENNITH,0.0034999999999999996
CARMINE,0.0034999999999999996
AUGUSTINE,0.0034999999999999996
YOUNG,0.0034999999999999996
ERICH,0.0034999999999999996
CHADWICK,0.0034999999999999996
WILBURN,0.0034999999999999996
RUSS,0.0034999999999999996
REID,0.0034999999999999996
MYLES,0.0034999999999999996
ANDERSON,0.0034999999999999996
MORTON,0.0034999999999999996
JONAS,0.0034999999999999996
FOREST,0.0034999999999999996
MITCHEL,0.0034999999999999996
MERVIN,0.0034999999999999996
ZANE,0.0034999999999999996
RICH,0.0034999999999999996
JAMEL,0.0034999999999999996
LAZARO,0.0034999999999999996
ALPHONSE,0.0034999999999999996
RANDELL,0.0034999999999999996
MAJOR,0.0034999999999999996
JOHNIE,0.0034999999999999996
JARRETT,0.0034999999999999996
BROOKS,0.0034999999999999996
ARIEL,0.0034999999999999996
ABDUL,0.0034999999999999996
DUSTY,0.0034999999999999996
LUCIANO,0.0034999999999999996
LINDSEY,0.0034999999999999996
TRACEY,0.0034999999999999996
SEYMOUR,0.0034999999999999996
SCOTTIE,0.0034999999999999996
EUGENIO,0.0034999999999999996
MOHAMMED,0.0034999999999999996
SANDY,0.0034999999999999996
VALENTIN,0.0034999999999999996
CHANCE,0.0034999999999999996
ARNULFO,0.0034999999999999996
LUCIEN,0.0034999999999999996
FERDINAND,0.0034999999999999996
THAD,0.0034999999999999996
EZRA,0.0034999999999999996
SYDNEY,0.0034999999999999996
ALDO,0.0034999999999999996
RUBIN,0.003
ROYAL,0.003
MITCH,0.003
EARLE,0.003
ABE,0.003
WYATT,0.003
MARQUIS,0.003
LANNY,0.003
KAREEM,0.003
JAMAR,0.003
BORIS,0.003
ISIAH,0.003
EMILE,0.003
ELMO,0.003
ARON,0.003
LEOPOLDO,0.003
EVERETTE,0.003
JOSEF,0.003
GAIL,0.003
ELOY,0.003
DORIAN,0.003
RODRICK,0.003
REINALDO,0.003
LUCIO,0.003
JERROD,0.003
WESTON,0.003
HERSHEL,0.003
BARTON,0.003
PARKER,0.003
LEMUEL,0.003
LAVERN,0.003
BURT,0.003
JULES,0.003
GIL,0.003
ELISEO,0.003
AHMAD,0.003
NIGEL,0.003
EFREN,0.003
ANTWAN,0.003
ALDEN,0.003
MARGARITO,0.003
COLEMAN,0.003
REFUGIO,0.003
DINO,0.003
OSVALDO,0.003
LES,0.003
DEANDRE,0.003
NORMAND,0.003
KIETH,0.003
IVORY,0.003
ANDREA,0.003
TREY,0.003
NORBERTO,0.003
NAPOLEON,0.003
JEROLD,0.003
FRITZ,0.003
ROSENDO,0.003
MILFORD,0.003
SANG,0.003
DEON,0.003
CHRISTOPER,0.003
ALFONZO,0.003
LYMAN,0.003
JOSIAH,0.003
BRANT,0.003
WILTON,0.003
RICO,0.003
JAMAAL,0.003
DEWITT,0.003
CAROL,0.003
BRENTON,0.003
YONG,0.003
OLIN,0.003
FOSTER,0.003
FAUSTINO,0.003
CLAUDIO,0.003
JUDSON,0.003
GINO,0.003
EDGARDO,0.003
BERRY,0.003
ALEC,0.003
TANNER,0.003
JARRED,0.003
DONN,0.003
TRINIDAD,0.0025
TAD,0.0025
SHIRLEY,0.0025
PRINCE,0.0025
PORFIRIO,0.0025
ODIS,0.0025
MARIA,0.0025
LENARD,0.0025
CHAUNCEY,0.0025
CHANG,0.0025
TOD,0.0025
MEL,0.0025
MARCELO,0.0025
KORY,0.0025
AUGUSTUS,0.0025
KEVEN,0.0025
HILARIO,0.0025
BUD,0.0025
SAL,0.0025
ROSARIO,0.0025
ORVAL,0.0025
MAURO,0.0025
DANNIE,0.0025
ZACHARIAH,0.0025
OLEN,0.0025
ANIBAL,0.0025
MILO,0.0025
JED,0.0025
FRANCES,0.0025
THANH,0.0025
DILLON,0.0025
AMADO,0.0025
NEWTON,0.0025
CONNIE,0.0025
LENNY,0.0025
TORY,0.0025
RICHIE,0.0025
LUPE,0.0025
HORACIO,0.0025
BRICE,0.0025
MOHAMED,0.0025
DELMER,0.0025
DARIO,0.0025
REYES,0.0025
DEE,0.0025
MAC,0.0025
JONAH,0.0025
JERROLD,0.0025
ROBT,0.0025
HANK,0.0025
SUNG,0.0025
RUPERT,0.0025
ROLLAND,0.0025
KENTON,0.0025
DAMION,0.0025
CHI,0.0025
ANTONE,0.0025
WALDO,0.0025
FREDRIC,0.0025
BRADLY,0.0025
QUINN,0.0025
KIP,0.0025
BURL,0.0025
WALKER,0.0025
TYREE,0.0025
JEFFEREY,0.0025
AHMED,0.0025
WILLY,0.0025
STANFORD,0.0025
OREN,0.0025
NOBLE,0.0025
MOSHE,0.0025
MIKEL,0.0025
ENOCH,0.0025
BRENDON,0.0025
QUINTIN,0.0025
JAMISON,0.0025
FLORENCIO,0.0025
DARRICK,0.0025
TOBIAS,0.0025
MINH,0.0025
HASSAN,0.0025
GIUSEPPE,0.0025
DEMARCUS,0.0025
CLETUS,0.0025
TYRELL,0.0025
LYNDON,0.0025
KEENAN,0.0025
WERNER,0.0025
THEO,0.0025
GERALDO,0.0025
LOU,0.0025
COLUMBUS,0.0025
CHET,0.0025
BERTRAM,0.0025
MARKUS,0.0025
HUEY,0.0025
HILTON,0.0025
DWAIN,0.0025
DONTE,0.0025
TYRON,0.0025
OMER,0.0025
ISAIAS,0.0025
HIPOLITO,0.0025
FERMIN,0.0025
CHUNG,0.0025
ADALBERTO,0.0025
VALENTINE,0.0025
JAMEY,0.0025
BO,0.0025
BARRETT,0.0025
WHITNEY,0.0025
TEODORO,0.0025
MCKINLEY,0.0025
MAXIMO,0.0025
GARFIELD,0.0025
SOL,0.0025
RALEIGH,0.0025
LAWERENCE,0.0025
ABRAM,0.0025
RASHAD,0.002
KING,0.002
EMMITT,0.002
DARON,0.002
CHONG,0.002
SAMUAL,0.002
PARIS,0.002
OTHA,0.002
MIQUEL,0.002
LACY,0.002
EUSEBIO,0.002
DONG,0.002
DOMENIC,0.002
DARRON,0.002
BUSTER,0.002
ANTONIA,0.002
WILBER,0.002
RENATO,0.002
JC,0.002
HOYT,0.002
HAYWOOD,0.002
EZEKIEL,0.002
CHAS,0.002
FLORENTINO,0.002
ELROY,0.002
CLEMENTE,0.002
ARDEN,0.002
NEVILLE,0.002
KELLEY,0.002
EDISON,0.002
DESHAWN,0.002
CARROL,0.002
SHAYNE,0.002
NATHANIAL,0.002
JORDON,0.002
DANILO,0.002
CLAUD,0.002
VAL,0.002
SHERWOOD,0.002
RAYMON,0.002
RAYFORD,0.002
CRISTOBAL,0.002
AMBROSE,0.002
TITUS,0.002
HYMAN,0.002
FELTON,0.002
EZEQUIEL,0.002
ERASMO,0.002
STANTON,0.002
LONNY,0.002
LEN,0.002
IKE,0.002
MILAN,0.002
LINO,0.002
JAROD,0.002
HERB,0.002
ANDREAS,0.002
WALTON,0.002
RHETT,0.002
PALMER,0.002
JUDE,0.002
DOUGLASS,0.002
CORDELL,0.002
OSWALDO,0.002
ELLSWORTH,0.002
VIRGILIO,0.002
TONEY,0.002
NATHANAEL,0.002
DEL,0.002
BRITT,0.002
BENEDICT,0.002
MOSE,0.002
HONG,0.002
LEIGH,0.002
JOHNSON,0.002
ISREAL,0.002
GAYLE,0.002
GARRET,0.002
FAUSTO,0.002
ASA,0.002
ARLEN,0.002
ZACK,0.002
WARNER,0.002
MODESTO,0.002
FRANCESCO,0.002
MANUAL,0.002
JAE,0.002
GAYLORD,0.002
GASTON,0.002
FILIBERTO,0.002
DEANGELO,0.002
MICHALE,0.002
GRANVILLE,0.002
WES,0.002
MALIK,0.002
ZACKARY,0.002
TUAN,0.002
NICKY,0.002
ELDRIDGE,0.002
CRISTOPHER,0.002
CORTEZ,0.002
ANTIONE,0.002
MALCOM,0.002
LONG,0.002
KOREY,0.002
JOSPEH,0.002
COLTON,0.002
WAYLON,0.002
VON,0.002
HOSEA,0.002
SHAD,0.002
SANTO,0.002
RUDOLF,0.002
ROLF,0.002
REY,0.002
RENALDO,0.002
MARCELLUS,0.002
LUCIUS,0.002
LESLEY,0.002
KRISTOFER,0.002
BOYCE,0.002
BENTON,0.002
MAN,0.002
KASEY,0.002
JEWELL,0.002
HAYDEN,0.002
HARLAND,0.002
ARNOLDO,0.002
RUEBEN,0.002
LEANDRO,0.002
KRAIG,0.002
JERRELL,0.002
JEROMY,0.002
HOBERT,0.002
CEDRICK,0.002
ARLIE,0.002
WINFORD,0.002
WALLY,0.002
PATRICIA,0.002
LUIGI,0.002
KENETH,0.002
JACINTO,0.002
GRAIG,0.002
FRANKLYN,0.002
EDMUNDO,0.002
SID,0.002
PORTER,0.002
LEIF,0.002
LAUREN,0.002
JERAMY,0.002
ELISHA,0.002
BUCK,0.002
WILLIAN,0.002
VINCENZO,0.002
SHON,0.002
MICHAL,0.002
LYNWOOD,0.002
LINDSAY,0.002
JEWEL,0.002
JERE,0.002
HAI,0.002
ELDEN,0.002
DORSEY,0.002
DARELL,0.002
BRODERICK,0.002
ALONSO,0.002
